Link,Document
https://newuniversity.org/2024/07/29/j-d-vance-a-reflection-of-trump-and-his-vision/,"Former President Donald Trumpannouncedhis selection of Ohio Sen. James David (J.D.) Vance, age 39, as his vice presidential candidate on July 17 through the Truth Social platform.Vance, elected into office in 2022, entered the American political sphere with a law degree from Yale and a military background. His impressive record is overshadowed by his dedicated loyalty to the former president.
Despite differences in experience and age, Trump and Vance share identical characteristics ofextremism,bigotryandelection denial. They even share similar speechmannerisms. Ironically, Vance oncecomparedTrump to Hitler, yet his turnaround to being a die-hard defender of Trump ultimately secured his current position as Trump’s vice presidential pick. The striking parallel between both candidates highlights Trump’s rejection of bipartisanship and centrist politics.
Trump’s choice of Vance as his running mate underscores the former president’s political shortcomings and his unwillingness to consider viewpoints beyond his own, posing a significant threat to our democracy.
Trump’s vice presidential choice sends an already clear message to Americans: there is no middle ground in his administration.
Typically, a vice president is strategically chosen by a president to attract voters who might not support them but are influenced to do so because of the appeal of the vice president. For instance, President Joe Biden expanded his voter base by choosingKamala Harris, a young woman of color. Preceding this pick, former President Barack Obama settled concerns about his limited political experience byselecting Biden,who had decades of public service on his record, as his running mate.
In contrast, bothVanceandTrumplack substantial political experience and primarily appeal to far-right-wing voters. If Trump was sharper, he could have gone with someone likeNikki Haley, who would have appealed to center-right voters. Additionally, Haley would have attracted votes from women and independentgroupsthat Trump would not reach with Vance.
Selecting Vance as his vice presidential candidate demonstrates Trump’s lack of strategic vision. He can only find success in feeding the fire of his far-right supporters. By only focusing solely on his fan base, Trump is neglecting the rest of the Republican Party, which is why numerousRepublicanswill be voting blue in November.
Given Trump’s history with his former vice president, Mike Pence, who faceddeath threatsfor upholding democratic principles by certifying the 2020 election, it is clear that Trump now seeks absolute loyalty in his close circle. Vance has proved his loyalty by standing alongside Trump,claimingthat his criminal cases are politically motivated and sharing skepticism of the2020 electionresults. This refusal of Trump to share political space with differing viewpoints poses a serious threat to democracy, which relies on compromise and the sharing of power. To further highlight this lack of bipartisanship, both Trump and Vance have expressed a desire to“drain the swamp,”which points to the idea of removing current federal employees and replacing them with like-minded people on the right.
Trump’s pick of Vance reinforces fears about the future of our democracy. The Supreme Court’sdecisionto side with Trump and allow him on state ballots despite his role in the Jan. 6 insurrection combined with the significant platform given to Vance further fuels growing right-wing extremism. Putting both extremists in power would continue the normalization ofTrumpismand threaten fundamental values such as equality, progress and freedom. Our fragile democracy cannot handle another term of Trump’s rule.
The events ofJan. 6were the greatest sign of this pronounced threat to our democracy. Republican state Sen. George Lang’srecent suggestionof a potential civil war if Trump loses the election, combined with Trump’srolein destroying a potential bipartisan border deal, emphasizes the dangers posed by his influence. Additionally, the looming prospect ofProject 2025poses the idea of the government shifting away from bipartisanship and political tolerance under Trump.
In today’s tense political climate, the United States needs a president who speaks to all Americans, not just a select group. A quick look at the audience at a Trump rally reveals the limited demographic Trump represents.
Trump’s extremism will only reach new heights if he once again gains the presidency. Voter turnout against the former president on Nov. 5 is crucial to stop a complete takeover of extremism and to protect our democracy.
Zahira Vasquez is the 2024-25 Assistant Opinion Editor. She can be reached atzivasque@uci.edu.
Edited by Trista Lara, Jaheem Conley and Jacob Ramos.
"
https://newuniversity.org/2024/07/18/the-esports-world-cup-an-ethical-dilemma/,"July 9 marks the beginning of the second week of competition in the heavily malignedEsports World Cup. The inaugural tournament is taking place in Saudi Arabia and is funded by the Saudi government, which is offering a prize pool of $60 million dollars for competitors and their respective organizations. The tournament includes 21 different genres of competition and promises to be the largest esports event of the year.
Here’s the rub. This tournament specifically comes at a tumultuous time. Organizations have increasingly felt the backlash for their choice to either partake or abstain from the competition. The backdrop of an “esports winter” being at its apex helps to better contextualize the actions of the athletes and organizations in question.
As players, owners and fans grapple with the complex issue ofprofitabilityin the esports space, ethical dilemmas arise surrounding the procurement of capital on a global scale. It’s no secret that the Saudi Arabian government has a track record ofhuman rights violationsanddogmatic policiesthat are at odds with mainstream Western viewpoints. Associating with these governmental bodies inevitably broaches the ethical question of the source and cost of such an ornate and bountiful event.
Are we, as esports fans, to be led to believe that our community is capable enough to engage insocial consciousness-raising? In a world wheredignitariesandvisionarieshave levied social critiques at the monolith of American culture that is sports, I can’t help but wonder: where do esports athletes stand in all of this? Memories of the “shut up and dribble” discourse remind us of the dichotomy of expectations placed on athletes. Keep the show running and put up your best effort, but don’t make your presence heard. Dance and sing, but don’t think or speak.
Travis Gafford, a highly regarded journalist, exemplified the thoughts of the rabble that is the League of Legends community when the ethical question of the Esports World Cup is raised. In contrast, somepersonalitieshave pivoted this influx ofengagementsto their benefit and become vocalspokespersonsfor the Esports World Cup.
Regardless, there has been and continues to be a movement to boycott coverage of the festivities. As a result of this aimed attempt to distance the community from the geopolitical and cross-cultural baggage the Esports World Cup brings, the League of Legends portion of the games became theleast-viewedinternational tournament in six years.
As is often the case, actions speak louder than words. Players, on-air talent and organizations have all been under a microscope. What should have been seen as a lifeline towards profitability and growth for the esports scene has become a source of dismay and disillusionment. If there is any hope in sustaining and growing the esports scene that we have come to love and admire, eventually we as a community must come to a sobering reality – the reality that cash is king and not all money is clean money, no matter how much we wish it to be.
No, esports athletes aren’t going to be ventricles for our political ideologies, nor should they be. We as a community have been fighting to be recognized and taken seriously for years. Now that the community has risen to the heights of having nationally recognized events that are the size of theAsian Gamesand the Esports World Cup, we are expected to begin our foray into the ethos of our community and to contemplate its morality. Let the community have this. Let the players shine and represent us, the fans, and show the soaring heights that esports can aspire to and why we have come to love our sport.
Ricardo Luna is an Opinion Intern for summer 2024. He can be reached atlunar5@uci.edu.
Edited by Trista Lara, Jaheem Conley and Jacob Ramos.
"
https://newuniversity.org/2024/08/04/three-rookies-who-stood-out-in-the-nba-2k25-summer-league/,"The Miami Heat Summer League squad, with UC Irvine’s own JC Butler, won the NBA 2K25 Summer League championship on July 22. The league was defined by many senior NBA players putting up scorching performances — first-team All-Summer League guards Gregory “GG” Jackson II and Scotty Pippen Jr. of the Memphis Grizzlies come to mind. However, there were also phenomenal performances by select rookies from the draft class.
Reed Sheppard (Point Guard/Shooting Guard, Houston Rockets)
Kentucky alum Reed Sheppard easily had the best performance out of anyone in the 2024 draft class. Over four games in Las Vegas, Sheppardaveraged20 points, 4.8 rebounds, 5.3 assists. He showed he can create his own shots with offensive craftiness and ball-handling proficiency, and his shooting from a distance was excellent . There are concerns about his positional size, but his 11 steals in four games put to rest any hesitations that he will be a turnstile as he showcased active hands, lateral quickness and an ability to absorb contact on the defensive end.
Houston, currently rebuilding, has constructed a promising young core with guards Jalen Green and Amen Thompson, forward Cam Whitmore and center Alperen Şengün. They showcased this by going 16-7 in their last 23 games and ending with a 41-41 record — a massive improvement from their last two seasons. With former Celtic head coach Ime Udoka at the helm and a shifty offensive threat in Sheppard, Houstonites certainly have something to look forward to in the next couple of seasons.
Kel’el Ware (Center, Miami Heat)
Kel’el Ware is another player that stood out in the class. In Miami’s Summer League run, the former Hoosieraveraged18 points and seven rebounds on 61% shooting from the field. In a particular standout game against Dallas on July 17, he recorded 24 points, 10 rebounds and three blocks on 75% from the field. Ware has proven to be good at cleaning the glass, as well as being a fantastic rim protector and runner — all skills that many have seen from him prior to the draft. Previous concerns about his motor and effort resurfaced during the Summer League title game, where he appeared quite lackadaisical and stagnant as the game progressed. However, it’s important to remember that he was drafted by Miami, a team that frequently instills effort and grit into its players, a practice dubbed “Heat Culture” by fans.
Ware also profiles as a fantastic fit next to current Miami Heat center Bam Adebayo, another reason the former Indiana center stands out.  The recent Team USA games showcase how much more Adebayo can do both defensively and offensively when paired with another big, in this case Lakers center Anthony Davis. While Ware is certainly no Davis, he is the type of player who complements Adebayo’s skill set perfectly and would make an amazing frontcourt partner.
Dalton Knecht (Forward, Los Angeles Lakers)
While the Lakers’ second-round pick, guard Bronny James, made headlines for his up and down play, the Lakers’ first-round pick Dalton Knecht has managed to shine in every Summer League game he played. In three games, the former Volunteeraveraged21.9 points, 5.3 rebounds and 2.3 assists on 43% from the field and 39% from three, seemingly picking up where he left off at Tennessee. Knecht is very versatile offensively, demonstrating that he is capable of shooting, slashing and finishing at the rim.
Knecht’s fit with the Lakers will be interesting to watch. The Lakers have two massive problems: a lack of a competent backup big and a lack of scoring on the bench. While bench players Jarred Vanderbilt (SF/PF), Gabe Vincent (SG) and Cam Reddish (SG/SF) range anywhere from stellar to decent defensively, they are all negatives on the offensive end, often plaguing LA with horribly inefficient scoring.  Knecht has the potential to be a microwave scorer off the bench, similar to forward Sam Hauser in Boston or guard Malik Monk in Sacramento. Knecht is also more ready to contribute than most of the other prospects in this year’s draft because of his experience and already developed athleticism. Although new head coach JJ Redick and the Lakers still have a lot of work to do before they can start contending for an NBA title, picking Knecht was certainly a step in the right direction.
Ved Patil is a Sports Intern for the summer 2024 quarter. He can be contacted atpatilv2@uci.edu
Edited by Benjamin Flores, Jaheem Conley and Jacob Ramos.
"
https://newuniversity.org/2024/06/11/on-top-of-the-world-the-2023-2024-uci-womens-basketball-season-recap/,"This past season was historic for the UCI Women’s Basketball team (23-9, 16-4), securing the Big West Championship along with an appearance in the NCAA Tournament for the first time since1995. Junior guard Déja Lee led the way, becoming the first player in program history to be namedBig West Player of the Year.
Entering the 2023-2024 season, the ‘Eaters were thesecond leading favoritesto claim the title, with all eyes on the Hawai’i Rainbow Wahine to three-peat.The Anteaters had been at the doorstep of postseason success, reaching the Big West Championship game in two of the last three seasons.
However, UCI was unable to reach their ultimate goal, suffering defeats toUC Davis(2021) andHawai’i(2022) and an early tournament exit last season againstCSU Bakersfield, after an injury riddled year.
The Anteater program endured several growing pains along the way, making their coronation as the 2023-24 Big West champions even more satisfying.
In an interview with New University, Head Coach Tamara Inoue discussed what made this past season special for her as a coach.
“Doing it together,” Inoue said. “A majority of this team has come in since their freshman year [and] building relationships [with them] has been fun.”
Lee also noted the difficulty in being without their two redshirt junior guards, Hunter Hernandez and Olivia Williams this season. Both guards were sidelined with knee injuries from the 2022-2023 season.
“After they went down, the rest of the season we said was for them and we carried that mentality of selflessness into [this] season,” Lee said in an interview with New University.
Hernandez averaged 12 PPG, while Williams added 8.2 PPG before their injuries.
“Redshirting Olivia Williams and Hunter Hernandez was a big risk, but you have to look out for your student-athletes first,” Inoue said.
Missing two vital pieces was a huge blow to the team, yet they never faltered.
In an interview with New University, when asked to sum up this season in one word, junior guard Nikki Tom replied, “Courage, last year we went through adversity and coming back this year, we knew what we could do. We pushed through and used [last season] as energy to win the championship.”
Last season and its aftermath effects played a pivotal role in motivating the team off the court. However, on the court, the ascendance of Lee was massive for the ‘Eaters deep postseason run. Lee averaged13.9 PPG, leading her team and finishing sixth in the Big West conference.
“Those types of players only come around once in a generation,” Inoue said while discussing the leap Lee made in her junior season. “There is no surprise of the accolades she received, it is the matter of everyone else seeing what she can do.”
Lee’s dominance carried into the postseason, scoring 21 points with six rebounds in the championship game againstUC Davis, securing the title and UCI’s automatic berth into the NCAA Tournament. Her stellar play earned her spot on theBig West Women’s Basketball All-Tournament Teamand tournament MVP honors.
“It was confidence,” Lee said when explaining how she improved this season. “I’ve always had a competitive edge.”
She highlighted the difficulties of transitioning to the collegiate level while moving to America during her first two seasons at UCI.
“Being in college it’s such a new field and coming from a different country was a big jump for me,” Lee said. “It was the courage to know that what I can do at home, I can still do here.”
While Lee’s growth was a massive catalyst for success this season, UCI’s role players contributed in important moments throughout.
Big West Newcomer of the Year, graduate guard Moulayna Johnson Sidi Baba, was crucial to the team’s success. She spent the first half of the season adjusting to the system before finding success off the bench. Sidi Baba’s scoring and rebounding prowess translated into Coach Inoue moving her into the starting lineup.
Averaging12 PPG, she finished as the second leading scorer on the team and was pivotal in the Big West tournament. In the semi-finals matchup againstLong Beach State, Sidi Baba notched a double double — 22 points and 10 rebounds — followed by 13 points and nine rebounds in the championship game. Her consistent play also earned her a spot on the All-Tournament team.
Tom was another instrumental competitor, serving as the glue player for the Anteaters. Despite her good three point shooting, she finished as the fifth leading scorer on the team —yet her impact was felt every game on both ends of the floor.
Coach Inoue spoke about the importance of having players like Tom.
“It is critical,” she said. “Players like Nikki don’t get the credit from the outside but there’s no question that the team knows [her significance].”
Tom’s stats were not flashy, but her effort on the defensive end and timely made shots allowed the ‘Eaters to make history.
Senior guard Diaba Konate was an integral piece, winning theBig West Best Defensive Playeraward this season. Her excellence on the defensive end was essential in boosting the Anteaters14th ranked scoringdefense (55.7 PPG) in the nation. Konate also contributed massively on the offensive side, facilitating the offense and knocking down timely shots.
The significance of the ‘Eaters’ success this season stems also from this perhaps being Konate’s last time playing basketball. When she returns to France, she will be unable to play because of a religious belief.
Coach Inoue shared how the ‘Eater fanbase could show support for Konate.
“Reaching out to her and letting [Konate] know the Anteater fanbase is in support,” Inoue said. “The fanbase being constantly behind her, means the world to her.”
The 2023-2024 season represented the Anteater program getting over the hump. History was made on several fronts and could play a central role in building longevity into the program.
Coach Inoue discussed how the Anteaters’ recent success can translate into long term success.
“The culture piece of it [is important] with the fast-changing NCAA rules, NIL collective and buyouts,” she said. “It’s going to be harder as a coach to keep up and being able to add major resources is a challenge, but I believe in my staff and [their] ability to find players as well as our [current] players.”
Coach Inoue recognized the difficulties of this new era of women’s college basketball, but remained confident in establishing the program.
“In previous years you were able to build [but] I still believe that [philosophy] is still around [and] it’s a matter of finding the right kids.”
Donnell Fuller is a Sports Staff Writer. He can be reached atddfuller@uci.edu.
Edited by James Huston, Annabelle Aguirre and Jacob Ramos
"
https://newuniversity.org/2024/07/04/after-the-encampment-a-response-to-the-normalization-of-administrative-policing/,"During finals week, all UCI faculty received email blasts from administrators prescribing action steps in the case of “student disruptions” to exams, which included recommendations to call 911 or the UCIPD on student protestors, especially if the situation could not be resolved by completely canceling class. As our campus continues to be shaped by political and institutional contestations over the exercise of free speech and student activists’ calls for the university’s financial divestments from the US-backed Israeli occupation of the Palestinian territories and the ongoing military siege and genocide in Gaza, a sub-set of faculty, including members of Faculty and Staff for Justice in Palestine (FSJP), question the conditions under which these emails are being sent, and refuse these recommendations to all UCI faculty.
Administrative language often erases power relations embedded in the normal functioning of the university. Such administrative emails reduce student activists — and to be more specific, a particular subset of the student body who have been peacefully exercising their rights to free speech, assembly and protest — as potential disruptors,  who constitute a seeming problem to be managed. This framing risks contributing to a fearful campus environment wherein faculty are encouraged to view their students through a racialized lens of suspicion, criminality, and alarm. Recommendations for de-escalation and then returning to normalcy after a “disruption” also construct student activists as irrational beings prone to violence, from whom nothing is to be learned.
We are struck by the fact that — less than one month after hundreds of police were deployed onto campus in what could be described as the most significant disruption to classes and campus life in recent history, with many members of our community exposed and subjected to lethal weaponry — the police are nonetheless framed as the solution to campus and community safety and the seeming restoration of business as usual. Bringing police into classrooms not only guarantees completely ending the class session, but it also creates an unsafe environment — not just for the protestors in question, but for other students for whom the police are not a sign of safety. In fact, despite image-building campaigns that aim to construct UCPD as less violent than other police departments, research and the embodied knowledge of Black faculty, Black students and other racialized communities reveals that the now militarized UCPD can easily revert to escalatory tactics and endanger lives and well-being.
UCI is a majority minority campus, and many of our students come from communities that have been victimized and even torn apart by the US government’s domestic and international policies surrounding anti-terrorism, security, surveillance and other forms of political, religious and cultural repression. In fact, several of the student protestors are calling for the university’s divestment from the US military-industrial complex due to their embodied understanding of the human impacts of US-backed militarism and securitized policing, especially after 9/11 and the so-called “Global War on Terror”, now reconstituted through the geopolitics of Palestine-Israel. It is alarming to us that faculty are encouraged to rely on anti-terror, securitization and policing practices, when such policies and practices disproportionately target Black and Brown communities and criminalize student activists as potentially violent. The routine nature of these emails make clear the transnational connections between US militarism abroad and militarized policing at home and on UC campuses.
The dissemination of such emails is as alienating for some faculty as it is for students, as they contribute to a repressive and hostile environment for racialized faculty members. What for some faculty may seem routine emails about campus procedure, for others is received as a painful reminder that our, along with many of our students’, lived experiences of surveillance, suspicion and racialized policing are not taken seriously by this university. It is especially troublesome since some of these emails are even being circulated under offices set up to complement diversity, equity and inclusion (DEI) efforts on campus.
Furthermore, the UCIPD is involved in other kinds of violent acts against students, including the meting out so-called“interim suspensions”to student activists without due process and on the basis of student protest being constructed as an “imminent threat to safety.” Some faculty associated with FSJP, for example, have documented the ways that upper administration has largely misled others in campus leadership on the actual impacts of these suspensions on students, including students’ lack of access to housing and other vital campus resources, the inability to take final exams or even attend their graduation commencement ceremony.
At a time when nearly every campus unit and research programs are being asked to take on budget cuts and fundraise for themselves, hundreds of thousands of dollars are being spent on policing, the deployment of private security guards and even metal detectors at graduation commencement. Whose safety and whose inclusion is being prioritized here?
The normalization of administrative and campus policing must end. Instead, we invite university administrators and our colleagues to embrace more imaginative ideas and pedagogies that avoid any reliance on the police to navigate power and politics on campus, including interactions with student activists, students’ expressions of distress in the classroom and faculty responses to such distress. Divesting in policing and reinvesting in resources that facilitate instructors’ learning about transformative pedagogies in the classroom, including leaning into the universal capacity for humanization, empathy, curiosity and care, is one possibility. “Student disruptions,” can become meaningful learning experiences for both students and faculty engaged with the history and present of activism in the UC system. Classes do not have to be canceled. Instead,  faculty can employ creative work-arounds to support the completion of exams or other kinds of assignments that reflect on-campus life contextualized within a global society.
The rejection of policing on campus is just the beginning of meaningful accountability and repair after the campus police siege on May 15th. This rejection of policing builds on the long-standing work of Black activists and others involved in the UC-wide abolitionist Cops off Campus and BLM university and social movements, those who trace connections between the devastating impacts of militarized policing on Black, Palestinian and other communities of color transnationally and in the US. The rejection of policing resists the creeping neoliberal authoritarian repression that is increasingly becoming normalized and authorized by administrative ranks. Instead, we can envision another kind of university and an alternative politics of DEI that truly aligns with and makes real the stated missions of theUC Principles of CommunityandUCI Office of Inclusive Excellence. Together, we can envision more just futures on our campus, the UC system, US society and globally.
Anneeth Kaur Hundle, 2023-2024 Associate Professor of Anthropology and Aaron Bornstein, 2023-2024 Assistant Professor of Cognitive Sciences.
Edited by Annabelle Aguirre.
"
https://newuniversity.org/2024/06/05/the-chancellor-who-cried-zot/,"I’ve been around UCI since 1996, as a grad student, TA, GSR, student government leader, conference organizer, alumnus, lecturer, interpreter, UROP mentor and judge, internship supervisor, … heck, one summer I even packed up, moved and unpacked several professors’ offices in a brand-new building.
I’m on my fourth chancellor now; they get bored, or retire, or climb to a higher office. As the Associated Graduate Students’ president, I used to have lunch with Chancellor Michael Drake. Over 28 years, lots of protests, rallies, strikes, meetings and lunches, bills and resolutions, somehow Chancellor Howard Gillman is the first person to insult me publicly to my fellow Anteaters, including my dean, my course director, all of my colleagues, even my current and former students.
I was arrested during the police raid on campus on May 15. You may have seen my frog-march TV interview or the May 16th LA Times front page photo, if you weren’t there watching in person. Hours later, Gillman claimed to have summarily barred all students, community members and faculty — that is, me and one professor, both quite prominently — arrested during the police action. In official terms, to bar someone summarily requires that he “reasonably find” them to be “a substantial and material threat of significant injury to persons or property.”
Except that he did NOT bar me from campus. Whether he claimed to do so but did not, or tried and failed, he falsely smeared me as a violent threat to all of my colleagues and current and former students as I went about teaching my seminars, holding office hours and other duties.
I learned of this supposed ban from my course director, who was surprised and concerned to see me on campus, based on a blast email from my dean, who had parroted Gillman’s false claim to all of my humanities colleagues. Feeling compelled to leave campus or risk arrest or citation, I drove home, forcing me onto Zoom at the last minute, wrecking a day of teaching and student conferences.
While harmful to me in a specific way, with real material, emotional and career consequences, that act of his was only one drop in eight months of campus-wide trickle-down calumny and cruelty, incompetence and cowardice from the fifth-floor C-suite in Aldrich Hall, which culminated in a cascade on May 15. I offer a few examples of each:
Calumny
Cruelty
Incompetence
Cowardice
In his 2022 UC Community Safety Plan, UC President — and former UCI chancellor — Michael V. Drake’s introduction acknowledges that “[t]oo often, the same systems charged with providing protection have become a source of great distrust and fear. This plan to re-envision safety at the University of California starts by acknowledging that reality.” The plan later emphasizes respecting “existing guidelines that minimize police presence at protests, follow[ing] de-escalation methods in the event of violence and seek non-urgent mutual aid first from UC campuses before calling outside law enforcement agencies.”
By the chancellor’s own account, he chose not to de-escalate in the event of violence, to the degree that he could reasonably make that call, relying on social media accounts to do so. ZotALERTs initially blared that “several hundred” protesters had occupied PSLH, only later in the dead of night muttering that there were only “several,” drop the hundred. Not so much invading the building — they just stood around it, he admitted.
These actions provoked serious reflection about their foundational moral causes. What is it in a man that would cause him to fail in some of his most solemn administratively and ethically clear obligations to ensure our safety and rights and privileges as Anteaters? What sort of man uses his powerful position to belittle, insult and threaten students, faculty, academic programs, beloved community members, free speech itself, on our campus?
In formal settings, Gillman wields his ceremonial mace–a bludgeoning weapon that symbolizes his executive power to smite anyone beneath him at UCI. However, behind closed doors, he wields an axe–a budget axe that strikes fear into deans, department chairs, program directors and beyond, for so many believe him to be biased in his interests and vindictive in his responses to things he dislikes.
Sitting in jail with my newfound friends, and later at home, checking in on other arrestees as we recovered, talking about it with my wife — also a UCI alumnus with a teaching credential and MA and PhD in History, I have sometimes turned to the field of moral philosophy, specifically to the work of Professor Aaron James, an honored member of our Department of Philosophy, with whom I have taught in Humanities Core. I have returned to some of the texts we read together, and his later publications. For the non-specialist, I recommend especially his bestselling book from Doubleday,Assholes: A Theory(2012).
Chancellor Gillman has shown himself to be an equivocating, petty, dishonest man in this whole affair since October — to me, to my fellow arrestees and I firmly believe, to students, staff and faculty. The damage he has wrought on our campus is clear, as is his unsuitability to be the person we look to as we begin to repair it.
—-
Brook Haley, PhD (UCI 2007)
Continuing Lecturer
"
https://newuniversity.org/2024/06/02/mexicos-upcoming-election-dont-underestimate-mexico/,"In a Februarypress conference, Speaker of the House, Mike Johnson, responded to questions about U.S.-Mexico relations and the increase in migration. “We’re the United States, Mexico will do what we say,” Johnson said, implying Mexico to be inferior. This arrogant comment perpetuates the well establishednarrativethat Mexico is a  lesser country and should be looked down on.
A quick look at Mexico’s elections this year will convince you that Mexico is not a country to be overlooked, but rather admired for its progressive path toward change. Mexico will make history this June with the election of theirfirst female president.
June 2, 2024 will be a historic day in Mexico, with voters electing the president, senators and local officials. The two presidential candidates in a close race for presidency areXóchitl Gálvez— a left-leaning candidate from the PAN party — andClaudia Sheinbaum— a Morena party member. Both candidates have STEM backgrounds; Gálvez holds a degree incomputer scienceand Sheinbaum has adoctorate in engineering, and has even spent time at aUC Berkeley lablearning about energy use in Mexico. According to recentpolls, Sheinbaum is the leading candidate for this election, her progressive goals reflect Mexico’s potential and serve as a beacon of hope for the future.
Sheinbaum, a 61-year-old Jewish woman and former mayor of Mexico City, is well qualified for the presidency with her extensivepolitical careerandeducation. Sheinbaum maintains a platform ofscienceand reinvesting in the Mexican people through the fight against administrativecorruption. Sheinbaum’s campaign also prioritizes the expansion and investment inpublic transportation, as well as the promotion of sustainability.
Sheinbaum’s ambitious agenda may appear to be a list of empty promises politicians typically make to attract voters, yet her record as mayor of Mexico City backs up her platform claims. As mayor, she supported science during theCOVID-19 pandemicby shutting down public establishments as well as increasing testing and vaccination rates for the city. Sheinbaum is also recognized for launching electric“Metrobus”lines in the city which contributes to a reduction of carbon emissions and increases transportation options.
The fact that Mexico will be electing its first female president with a strong background in science and technology speaks multitudes. When compared to the election situation in the U.S., it is difficult not to note how much Mexico is outperforming. The U.S. is at a dead end. In November, we will witness an exact repeat of the 2020 election — both presidential candidates, Biden and Trump have received extensivecriticismand are considered to be unfavorable candidates among voters. The victory of Trump will set the U.S. back with the threat ofProject 2025, but the election of Biden will leave us in the same position we are now, with the same set of concerns and issues.
It is time to stop overlooking Mexico’s potential and disregarding the country as inferior. Sheinbaum’s past work and plans for Mexico highlight the country’s potential and why it is crucial we pay close attention to these elections.
Sheinbaum is not the only symbol of Mexico’s potential and upcoming growth. The amount of Americans choosing torelocateto Mexico contradicts the narrative of Mexico that is told. Mexico is frequently painted in themediaas a lawless, corrupt and crime-heavy country. However, the surge of Americans relocating to Mexico for abetter lifechallenges this stereotypical image of Mexico. Despite this narrative of Mexico being home to criminals, many international visitors havereportedfeeling safe in Mexico. The truth is that not all portions of Mexico are dangerous, and the danger varies by location, similar to the U.S.
While Mexico has a long way to go in terms of reducing overall poverty, crime and corruption, these upcoming elections represent the country’s journey to progress. Claudia Sheinbaum represents change by being on her way to becoming Mexico’s first woman president and running on a progressive platform, which is something to celebrate. The media frequently concentrates on the negative aspects of Mexico, contributing to the idea that the country is too far gone for change. However, these elections will have Mexico demonstrating to the world that it is a force to be reckoned with.
Zahira Vasquez is a Spring 2024 Opinion Apprentice. She can be reached atzivasque@uci.edu.
Edited by Trista Lara and Annabelle Aguirre.
"
https://newuniversity.org/2024/05/16/howard-gillman-shame-on-you/,"Chancellor Howard Gillmanreferredto May 15 as a “sad day for our university” in a statement released late Wednesday night.
There was no shame behind this statement. He placed blame on the peaceful encampment in solidarity with the Palestinian genocide. Gillman, without remorse, actively took opposition to the encampment — an arguably illegal maneuver by a man who is required to be politically neutral.
I rarely am shocked by UCI’s administration and their decisions — over and over again, students and faculty alike have watched administration go against the morals a supposed R1 caliber research university should uphold. UCI, just like every other alleged elite public research university, should be at the forefront of all progressive issues. Whether it is housing insecurity, labor rights, foreign policy justice, racial justice, economic inequality or any other progressive movement, UCI students must be able to freely express themselves peacefully however they please.
Over the last two weeks, Gillman repeatedly proved beyond any reasonable doubt that he is not the person fit to lead this school through adversity and into prosperity. His whiny statement vilified students and set a dangerous precedent: that if students do not conform to what he feels is just, they are at risk for arrest and police brutality.
In what will almost certainly go down as the darkest day in UCI’s 59 year history, Gillman turned his back on students. He allowed them to be brutalized, arrested and jailed for organizing against a genocidal regime that has spent decades committing human rights violations.
The courage of the students, activists, journalists and all those on the right side of history should be commended. Against the threat of rubber bullets and batons, hundreds of people stood strong opposite of evil.
The encampment protesters may have dispersed for one night and leadership may have been arrested en masse, but they will be back. Students are resilient and demonstrated more courage standing unarmed against hundreds of cops than any police officer at the encampment could’ve dreamed to show. The fight of the student organizers is a reminder that there is hope in this world for change — but it will not come from anything but persistent pressure and calculated action.
Gillman is scared, Vice Chancellor of Student Affairs Willie Banks is scared and every other university official that has the blood of students who were assaulted by police on their hands is scared. They know what their complicity in genocide has caused at UCI.
The police presence at the beginning of the encampment did not work. The lies told in the press releases and statements did not work. The suspensions given to student negotiators did not work. Now, their police raid of the encampment with multiple arrests, did not work.
As police carried off a professor, her voice rang out in support of students and activists. As Dr. Tiffany Willoughby-Herard was arrested, she yelled into news microphones about how much taxpayer money was being used to silence a peaceful protest. She shouted to reporters that the potential millions of dollars of resources being used could’ve been allocated to housing, tuition and other student benefits.
Willoughby-Herard is absolutely right in her call for amnesty and reinvestment in students. Her words of courage were a spark of hope during a dark time at UCI.
When multiple police departments are called in to crush a peaceful student led and faculty backed protest, it is clear who is winning.
What’s next, Chancellor Gillman? How will you remedy this? Will you continue to blame students and activists? This is a stain on your legacy, and it will follow you for the rest of your academic career and life. You sign off every nasty statement you send to students and staff with “Fiat Lux”, Latin for “Let There Be Light”.
Until you step down as chancellor of this once proud university, there will be no light at UC Irvine.
Jacob Ramos is a 2023-2024 Opinion Editor. He can be reached atjacobtr@uci.edu.
Edited by Trista Lara and Annabelle Aguirre.
"
https://newuniversity.org/2024/05/04/anteater-express-unmasked-through-a-drivers-lens/,"UCI undergraduatespay$149.98 toward the Anteater Express yearly, placing it in the middle range of the university’s undergraduate student fees. Despite this charge, students and the university have not gotten their money’s worth in several ways. As an Anteater Express operator, I can attest that it is a great job and an essential service, but there is plenty of room for improvement.
In an interview with New University, an anonymous source employed as an Anteater Express operator detailed problems with Anteater Express’ electric buses, passenger satisfaction and being short-staffed.
The operator estimated that out of 20 buses in the fleet, only about 11 are reliable at any given time. They described two buses with long-term issues and said others “randomly break” sometimes. While many problems are minor, such as AE-19’s infamously broken radio antenna, some buses face disasters like acceleration issues or “powertrain failure.” The buses were manufactured byBYD Motors,costing$15 million.
On top of that, the “zero-emission, electric hydrogen fuel cell bus”addedto the fleet in 2015, known internally as FC-1, was reportedly a “problem child” before being removed from service in summer 2019. Breakdowns arecommonfor electric buses, but it is disappointing that Anteater Express funding has returned these results.
The operator described electric bus technology as not “fully fleshed out,” which may be the source of these costly troubles. Electric buses aremore expensiveto buy up-front than gas-powered buses, but theoretically cheaper over time due to lower maintenance and charging costs. The biodiesel fleetreplacedby the electric one was also generally inconsistent, and sometimes “even more unreliable” than Anteater Express’ current buses. Anteater Express has been unable to win with its fleet at the expense of students and taxpayers, and the challenges are poised to continue.
Anteater Express wassupposedto put five new electric buses in service in fall quarter 2023, but it now seems they will be placed in service during the 2024-25 school year. The manufacturer, Proterra,filedfor bankruptcy in August 2023, delaying the new buses’ arrival. Phoenix MotorcarsacquiredProterra’s transit business line in November 2023. The operator described Proterra’s bus quality as “rocky,” evidenced by theirstrugglesin Edmonton, Canada, where only 16 of 60 Proterra buses were in service three years after their purchase. Proterra’s failures cast doubt on the future of the electric bus industry, and it is certainly poor timing for Anteater Express to have bought from the unsteady company. On top of the existing issues, Anteater Express does not have enough drivers to utilize five new buses.
Anteater Express has eliminated routes and reduced the frequency of buses on some routes due to a post-COVID-19 staffing shortage. The Main Campus (M) Line is overcrowded because Anteater Express can only assign it two buses, leaving studentsfrustrated. Off-campus routes to places like the Irvine Spectrum Center and Diamond Jamboreeno longer exist, limiting student access to Irvine’s main activity hubs. The Camino Del Sol (C) and Vista Del Campo (V) lines, were also removed and turned into a combined A Line, placing a greater burden on the already busy Vista Del Campo Norte (N) Line.
Anteater Express’ new Plaza Express (E) Line has failed to service the new Plaza Verde II housing community, with the operator saying it is not used “nearly as much” by Plaza Verde II residents compared to N line. They want to see Anteater Express do away with E Line and bring back the C and V Lines, but that is impossible without resolving the staffing shortage. Anteater Express has failed to attract enough workers, forcing them to provide insufficient service.
Anteater Express willraisethe starting wage to $20 an hour for 2024-25 school year, offering a $1 raise for each 400 accident-free hours worked, with a capped wage of $23 an hour. Considering California’s $20 fast food minimum wage policy, whichstartedin April 2024, Anteater Express no longer pays more than comparably accessible jobs for UCI students. Drivers have to learn how to drive a bus, get a specialized Class B driver’s license and consent to random drug testing that includes tests for marijuana. The operator describes working for the Anteater Express as a “really nice job” that is “so worth it” past the intensive training period, and I agree. Still, Anteater Express will have to increase its wages further to solve the staffing difficulties.
Whether it’sdriving poorly,not stoppingor supposedlyleaving stopsearly or late, passengers love to hate Anteater Express drivers. We make mistakes sometimes, but some buses have extremely sensitive brakes that are nearly impossible to manage perfectly. We are always meant to follow aschedule, and there are many locations where we are only supposed to stop if someone is waiting or a passenger presses a stop request button. Passengers, please pay attention and press the stop request button once the bus leaves or passes the stop before yours. When waiting, some stops have poor visibility so make sure that drivers can see you and that it is clear you’re looking to catch their bus.
The TransLoc app and the Anteater Express website offer schedules and live bus tracking. Passengers can use these tools to catch their bus, but Anteater Express should implement broader measures to inform students of route changes. Several major route changes this school yearconfusedstudents due to inadequate communication. Such information should be emailed to all students rather than only accessible through itsInstagramorwebsite.
If you’re a student dissatisfied with Anteater Express, be the change you want to see in the world andapplyto be a bus driver. It is a flexible, fun and relaxing position. Anteater Express needs more drivers to improve its route design and run more buses. We have limited power to fix the Anteater Express’ woes as students, but we can do our part as employees and passengers, and urge it to do better.
Daniel Waters is an Opinion Staff Writer. He can be reached atdlwaters@uci.edu.
"
https://newuniversity.org/2024/04/30/uci-you-have-failed-us-now-listen-to-our-demands/,"Writer’s Note: This article has been edited to reflect accuracy.
It has been 13,291 days since an Israeli truck drivercollided with a carcarrying Palestinian civilians. Dec. 9, 1987 is now recognized as the First Intifada.
36 years and innumerable slaughtered Palestinians later, students are calling for university divestment from thegenocidal regimeoccupying the West Bank and Gaza. For the last two weeks, protests, hearings and demonstrations have rung out across the country, and these calls now ring loudly at UCI. Students are demanding UCI’s full divestment from Israel and the United States military’s occupation of native Palestinian land; part of the demands also calls for full financial transparency from the University of California (UC), with an emphasis on their wealth fund management.
UCI students, at the time of writing, are staging an encampment in the Physical Sciences Quad.  The UCI Police Department (UCIPD), Westminster Police Department, Irvine Police Department, Newport Beach Police Department and Orange County Sheriff’s Officehave been dispatchedto halt the progression of the encampment. Deputies briefly practiced riot formation in the face of a peaceful protest. Students are being denied water, access to restrooms and other support coming from outside the encampment.
April 29, 2024, will go down as a day of infamy at UC Irvine — the university has failed its students, and we refuse to back down.
The history of student protests reveals how quick institutions are to eliminate students’ rights to free speech. Thelargest student protestsever were held in the 1960s against the Vietnam War and the 1980s against South African apartheid. The anti-Zionist protests we see today are much smaller, despite being the largest student movement so far in the 21st century. In prior movements, protests often escalated to full occupations of buildings, riots and physical combat with police.
However, despite appearing even more nonviolent and not damaging school property or harming individuals, today’s protests are facing suppression much sooner than their predecessors. At the University of Texas at Austin, policearrived on horses in riot geardespite there being no signs of violence at the protest. While charges were later dropped, 57 people were arrested. This is a clear sign that administrations are not sending in police because they’re concerned about the safety of their students — it is because they want to silence them.
It’s also happening here, at UCI.
In situations such as this, legality takes a backseat to morality. What is moral here? Does Chancellor Gillman, UCIPD and every other university department assisting in the containment of the encampment truly believe that they are helping student safety? It is clear that they are actively harming students and their right to freedom of speech and expression by conducting encampment and protest suppression. In the supposed “Year of Free Speech” at UCI, that sentiment has never appeared so dystopian.
Now that Chancellor Gillman haslocked down Aldrich Halland refused to speak to UCI Divest lawyers, students have been effectively shut out of conversational approaches to creating change with their own administration. How many more dollars must be invested in companies that do business with the Israeli war machine? Students, as they have for nearly a century, refuse to be complacent with their universities acting against their interests. Universities are nothing without their students and the tuition and labor they receive from them. If schools refuse to serve their students, they have every right to withhold funds, labor, academics and normal university operations.
Irvine Mayor Farrah Khan’scallfor the Irvine Police Department to “stand down” is a sign that Orange County leadership knows what is just. This is a call for Chancellor Howard Gillman to stop his cowardice and follow Mayor Khan’s lead. Hisrecent statementclaiming the university will help find a place for protestors to camp out was as performative as it was tasteless. Chancellor, what do you think the purpose of encampment in a populated place such as Physical Sciences is?
Public universities are designed to be safe havens for ideas, research and social change. How much longer are we as students supposed to be complacent with the utter disrespect from the UCI administration and the UC system as a whole? Applying pressure to a publicly funded and supposedly public-serving university is a right, and the UC refuses to acknowledge that.
Students should never be complacent about genocide. We will not stand down in the face of intimidation by any entity, whether it be law enforcement or university administration.
The decision to uphold the supposed “Year of Free Speech” is in your hands, Chancellor Gillman — do right by the students who pay for your salary.
Jacob Ramos is a 2023-2024 Opinion Editor. He can be reached atjacobtr@uci.edu.
Edited by Trista Lara, Jaheem Conley and Mohammad Samhouri.
"
https://newuniversity.org/2024/04/23/the-new-university-is-back/,"Failure is such a daunting prospect. I find that far too often in life, we fear failure as though it is the end of any progress. The issue is rarely as black-and-white as it seems. I’ve found that failure is the path to growth more often than not, and when possible, we should embrace defeat.
Unfortunately, The New University’s sister publication, The AntReader, has failed. It has been just about a year since the brainchild of both current and past New University members was erected. I consider myself one of the editorial board members who contributed to the partial stabilization of the new publication. The New University abruptly announced to the school and to professional staff that operations and staff would mostly transition to The AntReader. Then, we were off.
Articles, graphics, logistics, websites, financials and nearly every other service a newspaper could conceivably need were created. We had a team of trained editors and some experienced staff who worked to keep the paper afloat during a time of uncertainty and transition. The future was up in the air, but the publication had a positive outlook.
What happened between the end of the summer in 2023 and now, in spring 2024, has no place being discussed in an article such as this one. Regardless of who was to blame, which is wholly unimportant at this point, one thing was clear: the publication was not ready.
The publication was not ready to survive with a sparser staff than it had previously. The AntReader was not ready to break out independently after so little time to prepare, and most of all, the publication was certainly not ready to deal with internal conflict.
This brings us to now. We have a team of writers, editors, graphic designers and more who are willing to bring this paper back to standards we believe are possible and necessary. We cannot do it alone, however; that much has been made clear to us in the past nine months.
There is still uncertainty in the air; we are weighing a rebranding effort for the New University, still trying to create the best possible training methods, and just hired a new editor in chief. Despite the uncertainty, we believe that this is a team that knows how to build such a massive operation from the ground up. Nearly all of us have seen the New University produce at a high level; we know what it takes.
I love journalism and the New University more than I love anything at UCI. This paper gave me purpose for the first time at a school that once seemed so massive and daunting, and I feel that I owe it justice. This will not be a one- or two-person show; myself and the rest of the New University staff are unified in this message.
We are calling on students who believe in journalism and the right to expression via journalism to join us. We will push harder than we did before to retain, train and nurture the staff who make this publication possible. This comes with a promise from all members—new and old. We are willing and ready to put our best efforts out to ensure your experience with the publication is as rewarding as possible. You need to be willing to work with us and truly give us a chance to do so for you. I’ve seen it work as both an intern less than two years ago and as an editor now, and when it does, it is truly magical.
There will no longer be red tape between the editorial board and its staff. I feel that the staff of a publication is its beating heart, and they deserve to know every piece of information possible. Issues of transparency have plagued journalism since its inception, but the New University has always had a hard time maintaining straightforwardness. Transparency on all levels will be the new theme of this publication. After all, what is the point of journalism at all without full transparency?
This is a call to all student journalists and student journalists to be across campus.
We’re back.
Jacob Ramos is a 2023-2024 Opinion Editor. He can be reached atjacobtr@uci.edu.
"
