Link,Document
https://newuniversity.org/2023/05/09/the-k-pop-industry-must-be-held-accountable-for-the-stars-gone-too-soon/,"Editor’s Note: This article contains content and information surrounding suicide and mental health.
ASTRO memberMoonbinpassed away unexpectedly at the young age of 25 on April 19, 2023. Shortly after, his company, Fantagio Entertainment,tweeted“Moonbin suddenly left us and has now become a star in the sky.” According to initial policereports, Moonbin appeared to have taken his life. Unfortunately, the suicides of K-pop superstars are a common and unsurprising occurrence.
Moonbin’s death encourages the public to more closely examine how the K-pop industry treats its idols and the extent to which the industry’s work environment encourages poor mental health.
The extreme stress that idols deal with throughout their careers isheavily documented, but often not addressed in earnest or scrutinized enough for its potential consequences on their health. You don’t have to look deep to see the environmental factors that contribute to mental health issues in the K-pop industry.
Moonbin is only one of many idols who have passed on too soon. Fans were shocked by the death of SHINee idolKim JonghyuninDecember of 2017. At the time, SHINee was one of the most successful boy groups, withchart-topping songslike “Ring Ding Dong,” “Lucifer” and “Sherlock.” However, the fear ofliving up to rising expectationsafter the success of his first solo album took a major toll on his mental health.
After his passing, Jonghyun’s heart-wrenchingsuicide letterrevealed that he never felt good enough for his company or fans. In the end, he simply asked that fans “just tell [him he] did well.”
Jonghyun’s passing also highlighted a lack of support from his agency. Short hiatuses did nothing to improve his mental health. He and many other idols, such asSulli,Goo Hara,Ahn So Jinand unfortunately many more, needed mental health help and support that their companies failed to provide.
The attacks on idols’ appearances are the strongest. Many idolsdebut young, facing constant criticism for their appearances and performances before they even step on stage. To maintain thin appearances, idols haveused extreme methodsto lose weight and are subjected to regular, sometimes daily,weigh-ins.
Former idol Kyla Massie of the now-disbanded girl group Pristin debuted at a weight that fans deemed “unacceptable.” Most companiesencouragefemale idols to achieve specific beauty standards, especially maintaining a weight of around90 pounds. Kyla’s profile, however, displayed132 pounds, a perfectlyhealthy weightfor a 5’5” girl. Yet, Korean fansrefused to acknowledgeKyla or cheer for her when she was at the center of performances. Duringfanmeets, attendees refused to photograph or even look at Kyla.
She was just 16 at the time of her debut and soon went on ahiatusthat never ended.
The expectation of sheer perfection is impossible for idols to live up to, yet that doesn’t stop companies from demanding it.
In addition to handling public scrutiny, idols are expected to perform and produce content at an unhealthy rate without rest. Agencies setvigorous schedulesfor their idols, who constantly pump out new content in hopes of debuting as the next megastars. Throughout the year, successful idols release multiple albums and singles to maintain the attention of fans and hopefully gain more. Even during the pandemic year of 2020,BTSreleased multiple albums, held virtual concerts, spoke at the UN and constantly filmed content like “BTS Memories of 2020,” which included722 hoursof behind-the-scenes content for their fans.
In their documentaries, BTS has included scenes where they have performed while injured or sick. Clips show the men using IV drips andrespiratorsin order to overcome physical exhaustion during their concerts.
The extreme lengths to which idols resort tocontinue performingwhile injured should be concerning. Idols deal with high levels of mental and physical stress as well as constant criticism from their management. Yet they receive little to no support from their companies. With this kind of work environment, it shouldn’t be a shock that the work of our beloved idols takes such a large toll on their minds and bodies.
In light of Moonbin’s passing, Korean entertainment companies need to be held accountable for the well-being of their talent. It should be mandatory for entertainment companies to monitor the health of their talent, provide proper and extensive mental health resources and allow for proper rest.
Until then, fans can still take action. Boycott companies that mistreat their idols until the tides change. By purchasing albums and merchandise, we are funding the exploitation of idols. Furthermore, fans need to stop praising idols for only their appearance because this response produces an expectation for idols to maintain unrealistic beauty standards.
Let’s stop turning a blind eye to the not-so-secret suffering behind the scenes of our favorite K-pop artists.
Asia Boyd is a Campus News Staff Writer. She can be reached atasiajb@uci.edu.
"
https://newuniversity.org/2023/05/10/the-importance-of-funding-disability-services-on-uc-campuses/,"Editor’s Note: This writer is a New University staff member who is involved in the University of California Student Association (UCSA).
Being a disabled student at UC Irvine has given me a unique perspective on what the UC system can do to better provide for students with disabilities. I was invited to speak at the March 2023 UC Board of Regents meeting in San Francisco, where I stated:
“If the UC system wishes to expand its reach for disability justice, [there are] three key goals that the UC system needs to follow.
Number one is to mandate universal access across all UC campuses. Universal access is the ability for students with disabilities to register for classes with an online/hybrid option no questions asked, no strings attached.
Number two is for UC administrators to increase their funding and support for disabled resources centers so that they can provide additional resources needed to help disabled students thrive.
Number three is to implement disabled student unions and disability cultural community centers on every single campus in the UC system. It is incredibly saddening to know that disability cultural community centers have only been implemented at UC Berkeley and that disabled student unions are only present at UC Davis and UCLA. It’s important to expand on these initiatives so that disabled students can have a place to promote advocacy and solidarity.
This is a clear path for the regents, and by extension the UC system, to show support for the UC disabled student population and work to ensure a more inclusive, equitable future for the UC system.”
The reactions from the room were mixed. A few of the regents were supportive, but most of them were oblivious to the issues I presented.
It is important to continue addressing these issues at the next regents meeting being on May 16-18, and in any future meetings — where the regents will decide whether to increase funding for disability services across the UC system, affecting the lives of thousands of disabled students across every UC campus.
The following is anexcerptfrom an official UCSA public comment script used at UC Regents meetings:
“Across the entire UC system, the average disability specialist has a caseload of about 400 to 500 students, with some caseloads reaching 1,000 students. These massive caseloads cause month-long delays for students receiving accommodations. This can derail entire quarters for students due to the necessity of these accommodations in the completion of their schoolwork.”
The data cited in the document came from various internal staffing sources derived from DSC Directors and UCOP reports.
According to areportfrom the UC Office of the President (UCOP), more students with disabilities are being admitted into UC schools and seeking accommodations than ever before. However, there has also been no additional funding in Disabled Student Programs across all UC campuses since 2017. This data shows that disabled students across the UC system are dissatisfied; they feel that they do not belong and do not have the resources needed to succeed compared to students without disabilities. The UCs need to aid in making students with disabilities feel that their schools are places in which they can succeed and feel included.
The UCI Disability Services Center (DSC) is the predominant source of aid for students with disabilities at UCI. Currently, the DSC offers services such as holding tests at their office instead of the classroom and providing priority registration for classes.
From my personal experience, I encountered several delays over two months trying to get registered with the DSC before my first year at UCI. There have been numerous instances where I’ve waited for a response from the DSC for multiple weeks, only to be redirected to another resource center on campus because the DSC did not have the capacity to address my concerns. Eventually, I stopped reaching out to the DSC because I realized that they could not assist me properly, compared to various resource centers aimed towards other student communities at UCI.
These other centers, like the Womxn’s Center for Success and the UCI Latinx Resource Center, are accessible, easy to find, clear and helpful. And they have programs that exhibit solidarity and advocacy. The DSC, on the other hand, is located near the Antrepreneur Center, and in contrast, is far from the Student Center, where the other resource centers are located.
Additionally, I was unaware of what resources the DSC could provide due to a lack of clarity and communication. There is also a lack of community for students with disabilities, in large part due to the absence of an official support group. If the DSC can solve these issues, they could become a valuable support hub for disabled students at UCI.
Disability Services across the UC system are currently understaffed and underfunded, creating a large backlog of issues that causes great harm to students with disabilities across UC campuses. There needs to be a wave of support from elected officials, community leaders and student activists to push for increased funding for disability support services across the UC system. The UC Regents need to provide more resources and funding in order to support students with disabilities across all UC campuses.
Those interested in providing support for the campaign canregisterto hold public comment at UC Regents meetings.
One can also show support by followingACQUIRE, a UCSA disability justice organization, on Instagram for more information and updates about the campaign. Our voices are essential to help students with disabilities on campus through advancing the rights of disabled students across the UC system.
Frank Granda is a City News Intern for the spring 2023 quarter. He can be reached atgrandaf@uci.edu.
"
