Link,Document
https://www.statepress.com/article/2024/06/movie-soundtrack-immersion,"""When you have these really beautiful songs in the background, you start to feel like it's almost desirable, or it's almost worth romanticizing and taking something away from it that you may not have experienced in your own life.""
Though countless factors are involved in making a quality film, movie soundtracks should be acknowledged as the principal way to create a memorable experience for fans and foster a new community.
Iconic movie soundtracks have existed as long as the medium itself, from original themes and instrumentals to full albums created to accompany a film.
However, with production companies' commitment to quantity over quality, especiallywithin streaming services, moviegoers find fewer films that take advantage of theemotion-capturingpower of music.
""(Music) makes the other half of the experience,"" said Brittany Lane, a junior studying art with a focus in animation. ""The visual is obviously the most important part, it's what you’re going to see on screen, but what you hear around you, it creates the entire rest of the experience.""
Iconic soundtracks and themes go as far back as film itself, with John Williams' ""Star Wars"" main themebeing perhaps the most recognizable.Despite being classic, ""Star Wars"" is one of many timeless scores that is often not listened to outside of the film itself. But new movie soundtracks have changed the game.
Some of the iconic modern movie soundtracks that have made waves outside of the film include ""Oppenheimer,"" ""Call Me by Your Name,"" ""Spider-Man: Into the Spider-Verse,"" ""Guardians of the Galaxy"" and, most recently, ""Challengers.""
Some are collaborative albums made by popular artists, some are compilations of already-released music and some are original soundtracks made by composers.
What they all have in common is an artistic direction and intentional tie to the film and story within. To be successful, the music has to be complementary to the visuals and story on screen.
The success of these soundtracks can be seen in that each of these specific films cultivated some sort of community and discussion about the music itself and allowed listeners to use their imagination.
""Call Me by Your Name,""directed by Luca Guadagnino, and other 'peaceful' films, use music to amplify the coziness presented on screen.
""When you have these really beautiful songs in the background, you start to feel like it's almost desirable, or it's almost worth romanticizing and taking something away from it that you may not have experienced in your own life,"" said Taylor Underwood, a 2024 ASU graduate.
""Challengers,"" another Guadagnino film, has utilized a completely opposite aesthetic in itssoundtrackthat has been a key element in the movie’s relevance and success.
The techno, groovy and synth-heavy score created by Trent Reznor and Atticus Ross was in stark contrast to what most viewers were expecting after the cozy atmosphere cultivated in ""Call Me by Your Name.""
""My whole group, we listened to the soundtrack the whole way back from the theater,"" said Josie DeBord, a junior studying film and media production. ""It really elevated the movie because it felt to me like a bit of a tone shift. The way that they went about the soundtrack really, really, really helps the movie to stand out.""
At the height of the film's popularity, the soundtrack left a large mark across social media platforms.The official score has over 20 million combined streams on Spotify, and users on TikTok have posted tens of thousands of videos using these songs.
""Online communities carry so much of the conversation,"" Underwood said. ""My Twitter was flooded with people talking about the soundtrack, or even, 'I'm going to go buy a tennis skirt now.'""
In jest or not, movies like ""Challengers"" have an incredible influence on the audience and film industries' standards of a high-quality movie. The characteristics of music and its collaboration with visuals amplify the longevity and values of beautiful films today.
Editor's note: The opinions presented in this column are the author's and do not imply any endorsement from The State Press or its editors.
Want to join the conversation? Send an email toeditor.statepress@gmail.com. Keep letters under 500 words, and include your university affiliation. Anonymity will not be granted.
Edited by Senna James, Sophia Ramirez and Alysa Horton.
Reach the reporter atadirst@asu.edu, follow@andrewdirston X and@andrewdirston Letterboxd.
LikeThe State Presson Facebook and follow@statepresson X.
This website uses cookies to make your experience better and easier. By using this website you consent to our use of cookies. For more information, please see ourCookie Policy."
https://www.statepress.com/article/2024/02/opinion-asu-chatgpt-extensive-use-65c44fbb4fe85,"""If you asked me even two years ago, I would say I loathe the idea of AI except for maybe spellcheck and Grammarly, which are still AI, just not in the terms that we think it is now.""
When ASU professor Andrew Maynard asked one of his classes last fall what they thought about using ChatGPT, he said the feedback included two main responses.
The first response came from a student who argued that they were the ones who wanted to learn, not the machine. Why would they make the machine do the work for them?
The second response came from a student who raised another point: they were paying for this degree. Why would they not do the work for something they invested so much time and money in?
Even though ChatGPT, a language model developed byOpenAI, raises some security, privacy and ethical concerns, the technology continues to advance rapidly.
ASU recently announced its partnership with OpenAI, and starting this month, faculty can start pitching ways for the University to use the new model ChatGPT Enterprise, with students able to access it later.


""ASU recognizes that augmented and artificial intelligence systems are here to stay, and we are optimistic about their ability to become incredible tools that help students to learn, learn more quickly, and understand subjects more thoroughly,"" ASU President Michael Crow said in a statement sent out by the university.
READ MORE:ASU announces first partnership between OpenAI and a university
Despite the reality that AI is ""here to stay,"" students don't need to be given special access to this new technology. ChatGPT can advance the research of faculty members, but the point of giving students this unbridled resource is unclear, and it's uncertain if students can use this technology responsibly and consistently.
""The question is, can we learn how to use it responsibly, fast enough?"" Maynard, a professor at theSchool for the Future of Innovation in Society, said. ""Of course, there are very irresponsible uses. If you just go back to the idea of if you've got an assignment and you only got 10 minutes to complete it, you ask ChatGPT to do it, that's probably not the most responsible use.""
The apparent downside of this technology is the significant prospect of cheating. On a deeper level, ChatGPT is accelerating and changing constantly. It's uncertain if the University will be able to keep up with the evolving software enough that students can truly see its benefits.
Maynard designed an online prompt engineering course for students to develop the skills needed to use AI effectively. The course was available during the summer and fall of 2023.
Now, in 2024, Maynard won’t be teaching that course again.
""The main thing is the technology is moving so fast,"" Maynard said. ""The course is already out of date. If we were to keep it relevant, we'd have to reinvent the course every time we taught it.""
Another glaring concern for student accessibility to ChatGPT is the ethical guidelines involved. Right now, AI use is up to the discretion of each individual professor. It's hard to draw the line between right and wrong in complex situations such as this one, with an infinite number of scenarios that could play out.
But setting hard rules might not be the answer either.
""I'm slightly concerned that if we're not careful, we'll start putting down hard and fast rules,"" said Maynard, who is also on the Faculty Ethics Committee on AI Technology. ""The reason that worries me is if you do that, you stop allowing people to be creative and innovative. You run the risk of preventing uses, which could be beneficial.""
READ MORE:Charting ASU's future: Navigating OpenAI's first partnership in higher education
The ChatGPT technology has benefits. Possessing the skill to harness the technology and maximize it could make students more marketable after graduation. According to Maynard, one possible idea submitted by faculty is the design of personal tutors to help students in courses.
When the partnership was announced, ASU Chief Information Officer Lev Gonick said ChatGPT Enterprise would also be used for student improvement in Freshman Composition, ASU's largest course.
For English professor Kara Childress, the tool has been helpful in her classes for brainstorming and the early stages of assignments.
""If you asked me even two years ago, I would say I loathe the idea of AI except for maybe spellcheck and Grammarly, which are still AI, just not in the terms that we think it is now,"" Childress said. ""However, starting last semester, I did a pilot program where I had students use it for brainstorming or a little bit of peer review, and it was enlightening to see what kinds of ideas came from that.""
Even if ChatGPT can help students brainstorm, researching ideas for a school assignment is something students can succeed at on their own.Childress pointed out that with this new technology, we're developing new skills but diminishing others. Students are learning how to become AI literate instead of practicing brainstorming and researching independently.
And even though AI is prevalent in our society, not all students feel obligated to use it. Tools like Grammarly can be a great resource for students to check their spelling and make sure their work flows. However, this type of AI is different than the ChatGPT machine that can do research and generate ideas for a student, possibly hindering a student's creativity and originality.
""From even last semester, I noticed a lot of students, even if they were allowed to, they didn't (use AI) because it was too much trouble to put in the directions and see what's available there,"" Childress said. ""I don't think it is hindering anyone if you don't use AI, at least in English class.""


While these benefits are noteworthy, the University also leaves student involvement with the technology in murky waters, even in the early stages of the partnership. Why don’t students have access to submit proposals for the University's ChatGPT use at the same time as faculty? What are the guidelines for submitting their ideas?
It also remains a murky topic for faculty, as many professors across fields express their uncertainty and lack of knowledge on the initiative.
Maynard makes a good point: ""If the world didn't have ChatGPT, the world will be fine.""
It could be monumental for research, but students don't need ChatGPT to succeed. As technology continues to change, students should avoid abusing its power.
Edited by Walker Smith, Sadie Buggle and Caera Learmonth.
Reach the reporter atkatrinamic03@gmail.comand follow@kat_m67on X.
Editor's note: The opinions presented in this column are the author's and do not imply any endorsement from The State Press or its editors.
Want to join the conversation? Send an email toeditor.statepress@gmail.com. Keep letters under 500 words, and be sure to include your university affiliation. Anonymity will not be granted.
LikeThe State Presson Facebook and follow@statepresson X.
This website uses cookies to make your experience better and easier. By using this website you consent to our use of cookies. For more information, please see ourCookie Policy."
https://www.statepress.com/article/2024/02/opinion-asu-should-tell-students-about-off-campus-shootings,"The University is not an isolated island; it exists within a broader community touched by the same societal threats and challenges as what lies off campus. ASU must extend its duty of care beyond campus boundaries and proactively inform students about incidents in surrounding areas, especially areas considered a staple of the college culture.
The backdrops for January's two off-campus shootings included Fat Tuesday, a popular bar on Mill Avenue, and El Paisano Market, a staple for late-night bites near the GLV. While not technically on campus, both locations serve as popular hangouts for the average ASU student looking to blow off steam.
READ MORE:Shots fired outside Fat Tuesday on Mill Avenue
Despite reports of the shootings, many students remained generally uninformed and unaware of the campus-adjacent gun violence.
Izaac Carlebach, a sophomore studying management and supply chain management, lives adjacent to El P’s Market on Lemon Street. He heard about the shooting from a friend.
""I wasn’t surprised (ASU) didn't say anything,"" Carlebach said. ""When it is off campus, the University doesn't want to associate themselves with something like that.""
ASU has a critical role in considering students' physical and emotional well-being beyond common academic pursuits. The University does inform students of on-campus danger, although through only one notable resource.
Students can create aLiveSafe mobile appprofile specific to their campus to receive alerts about perceived threats. They can also request rides from Safety Escort Services and easily contact ASU police through the app.
Jason Weber, ASU Police crime prevention coordinator, said in a statement ASUPD is monitoring off-campus crime, and collaborates with other local crime prevention and investigation groups, including the East Valley Crime Prevention group and Arizona Crime Prevention Association.
""We have been monitoring what is occurring off and near campus, as that can have an effect on the campus population,"" Weber said in the statement. ""We regularly work with our counterparts in law enforcement from crime prevention initiatives to investigations.""
The University bears on its shoulders the moral obligation to provide students with the necessary information needed to navigate campus and adjacent shared spaces. This must include informing students of the existence and nature of gun violence in student-populated areas off campus.
""I have friends that go to El P’s,"" Carlebach said. ""A lot of students go there, and even if it is not on campus, it is a part of the culture.""
The safety and well-being of students on and off campus should be considered paramount for University. Ignoring, dismissing and downplaying incidents of gun violence erodes trust between administration and the student body.
""It almost feels like they could be trying to hide it,"" said Grace Hodge, a junior studying conservation biology and ecology. ""It feels sneaky.""
The lack of transparency undermines a sense of community, leaving students isolated and vulnerable.
Addressing off-campus incidents of violence openly fosters trust between students and the University, encouraging them to make informed decisions.
""While I don't feel unsafe on campus because there are police everywhere, I think they should have said something,"" Taison Roddy, a senior studying biological science, said. ""I will read Tempe Police reports now and then, but I thought I would hear it from the University. At least I’d want to.""
Megan Parr, a freshman studying secondary education, takes her safety very seriously when off-campus and wishes the University was more communicative about threats in the surrounding area.
""It rattles you, especially someone like me who is hypersensitive about safety,"" Parr said. ""I want to know these things so that I know better. Hearing about those things is scary but important.""
If ASU is to use LiveSafe as its primary and effective form of communication with students, its reach needs to extend beyond the boundaries of what is considered ""on campus.""
Instead, the University should take into account Tempe's most beloved student spots in University-wide reporting.
When the University addresses off-campus gun violence, it empowers students to make responsible decisions that benefit their lives. Students planning next semester’s housing, commuting to classes, or participating in regular activities would be better armed and equipped with the knowledge of potential risks, allowing them to take the necessary precautions.
""I depend on those LiveSafe alerts when I am on campus,"" said Raina Mueller, a freshman studying psychology. ""Those bomb threats, the scary things that happen, we need to know so we can figure it out ourselves.""
The University's obligation to inform students transcends the physical boundaries of campus. Embracing transparency around gun violence issues adjacent to campus is imperative and represents an investment in the trust, safety, and well-being of ASU students.
Edited by Walker Smith, Sadie Buggle and Caera Learmonth.
Reach the reporter atefoxmill@asu.eduand follow@emilyfoxmillionon X.
Editor's note: The opinions presented in this column are the author's and do not imply any endorsement from The State Press or its editors.
Want to join the conversation? Send an email toeditor.statepress@gmail.com. Keep letters under 500 words, and be sure to include your university affiliation. Anonymity will not be granted.
LikeThe State Presson Facebook and follow@statepresson X.
This website uses cookies to make your experience better and easier. By using this website you consent to our use of cookies. For more information, please see ourCookie Policy."
https://www.statepress.com/article/2024/01/opinion-dillingham-jedd-fisch-departure-ua,"ASU’s defense lined up at the rivalry game between ASU and UA on Saturday, Nov. 25, 2023 in Tempe. ASU lost 59-23.
It took just two years for UA head coach Jedd Fisch to turn a once appalling, one-win Wildcat team into a nearly unstoppable force — a force that took down the mighty Oklahoma Sooners in the Alamo Bowl to cap off a 10-3 season. But it was all for naught as Fisch unexpectedly left it all to become Washington's head coach, stunning the Wildcat faithful and sending shockwaves throughout college football.
However, players typically follow when a successful coach like Fisch leaves a program. ASU head coachKenny Dillinghamneeds to capitalize on the chagrin of Wildcats hitting the transfer portal.
It all happened in the blink of an eye — almost a ripple effect. Former Alabama head coach Nick Saban announced his retirement on Jan. 10. Alabama then filled the hole by hiring former Washington head coach Kalen DeBoer on Jan. 12. All of a sudden, Washington had a coaching vacancy, and Fisch’s name was being thrown in the pot.
Yet, if there’s one thing we’ve learned about college football over the years, it’s that money talks.
Washington showed Fisch the money, and he took it: seven years, $54.3 million. This signing perfectly exemplified what college football has become: a cash grab.
“I did not take the decision to come to the University of Washington lightly,” Fisch told Washington reporters. “But once (university president Ana Mari Cauce) and (athletic director Troy Dannen) showed me what is possible in Seattle and what their vision of the future looks like, there was no answer other than yes. It’s not just about Washington football that brought us here.”
The situation only continued to snowball following Fisch's departure. On Monday, UA announced that athletic director Dave Heeke had been fired after hiring Brett Brennan to replace Fisch. Along with the change in personnel, the University has also been vocal about itsfinancial crisis.
The Sun Devils are coming off back-to-back 3-9 seasons, undoubtedly their worst stretch in nearly eight decades. Growing up a Valley native, I’ve seen a handful of great players pass through this program;N’Keal Harry,Brandon AiyukandJayden Danielsall come to mind. I’ve seen some pretty good Sun Devil football teams and a handful of mediocre ones.
But nothing this bad.
The program has undoubtedly seen better days. Former coaches Herm Edwards and Antonio Pierce (with the help of a few others) drove the program into the ground amid recruiting violations around COVID-19 restrictions from 2020-21.
READ MORE:NCAA investigating ASU football for possible recruiting violations
Now, Edwards enjoys a full-time gig with ESPN, and Pierce is making headlines with the Las Vegas Raiders, leaving Dillingham with all the baggage. The 32-year-old Valley native is left to rebuild the storied program while the NCAA hasn’t even leveled the team’s sanctions after three years of investigation. The worst may still be to come.
Still, most seem to turn a blind eye to the former Sun Devils' destruction of the program.
All things considered, Dillingham has already done a great job this offseason. He built one of the largest recruiting classes in the country, and the program will welcome 39 additions for the upcoming season. Of the 39 incoming players, 22 are transfers, and 17 are true freshmen.
“We were filling in the cracks rather than laying the cement,” Dillingham told reporters at a press conference on Friday. “It's like round two of painting the wall. If anybody can go paint the wall once, it ain't going to be good. You better go paint it a second time and get all the lines cleaned up, then a third time. And that's kind of how recruiting works.”
Nonetheless, the Sun Devils are in a prime position to take advantage of Fisch’s departure. His fleeing was a sucker punch to the Wildcat faithful, and it can certainly gut Arizona’s roster.
Since Fisch’s departure, 12 Wildcats have entered the transfer portal, nine alone since Jan. 17, when Brent Brennan was announced as Fisch’s replacement in Arizona.
Among those transferring are offensive lineman Raymond Pulido, cornerback Ephesians Prysock and running back Jonah Coleman, who announced his commitment to Washington on Sunday. To Arizona's delight, one of the top offensive duos in the country, quarterback Noah Fifita and receiver Tetairoa McMillan, announced their return to the team despite Fisch's exit.
In addition, numerous Arizona assistant coaches are expected to flock up north, following Fisch to join the Washington staff as the team embarks on a new journey in the Big Ten.
Amid all the drama surrounding Fisch and other coaches nationwide, Dillingham has made it clear that he’s in for the long haul.
“At the end of the day, when you move from here, you're going to want to come back,"" Dillingham said. ""There's a part of you that wants to want to come back. That's part of it. I've done it.""
Now, both ASU and UA will be searching for new ADs, and Dillingham has the opportunity to capitalize on the situation through recruiting.
Incoming Sun Devils noticed his commitment; some even picked the Valley as their home because of his adherence. It's a stepping stone for recruiting in years to come. Dillingham's loyalty and Fisch's departure will influence the classes of 2025, 2026 and beyond in their decision to wear maroon/gold or red/blue.
“I went through a coaching change in the past with Coach (Luke) Fickell leaving (Cincinnati) to go to Wisconsin, so being able to know that the coach that I have here wants to be here … It was really important to me in the transfer portal process,” incoming redshirt junior transferJustin Wodtlysaid. ""It soothes me a little bit, knowing that nobody's going nowhere.”
READ MORE:Kenny Dillingham continues to recruit, rebuild football program
Things are crazy down south. The clock is ticking; Arizona players have 30 days since Fisch’s departure on Jan. 15 to enter the transfer portal.
It’s evident that Dillingham is looking to get all the players he can get. He strives to have competition in every position. While Jaden Rashada looked like the surefire starting quarterback next year, Dillingham brought in former four-star quarterbackSam Leavittfrom Michigan State.
It’s part of the culture he’s working to build here in Tempe.
“At the end of the day, we're going to bring in the best players for this football program in any position. I don't care if we have a sitting first-round draft pick. If there's another first-round draft pick at that position, we'll bring him in,” Dillingham said. “If you think you're not going to compete, you're fooling yourselves. And if you don't think competition makes you better, you're fooling yourselves.""
“If you ask any great at anything, in any profession … anything you do in life, if you're scared of competition, there's no way you're going to be great.”
While there's strict competition among the roster, the competition remains strict between ASU and Arizona. It's one of the top rivalries in the country. Both schools have an incredible recruiting history. Both schools have produced incredible NFL talent.
In a state once dominated by Fisch's recruiting, Dillingham and the Sun Devils are now in an advantageous position in the Valley. It fell right into their laps, and Dillingham's loyalty and commitment to his program, unlike Fisch's, will prove pivotal in the recruiting game for years to come.
Edited by Walker Smith, Sadie Buggle and Caera Learmonth.
Reach the reporter atatschmi2@asu.eduand follow@ASchmidtSportson Twitter.
Editor's note: The opinions presented in this column are the author's and do not imply any endorsement from The State Press or its editors.
Want to join the conversation? Send an email toopiniondesk.statepress@gmail.com. Keep letters under 500 words, and be sure to include your university affiliation. Anonymity will not be granted.
LikeThe State Presson Facebook and follow@statepresson Twitter.
Aaron Schmidt is a sports reporter who covers ASU Baseball and ASU Women’s Golf for The State Press. He previously covered Higley High School football for AZPreps365.
This website uses cookies to make your experience better and easier. By using this website you consent to our use of cookies. For more information, please see ourCookie Policy."
https://www.statepress.com/article/2024/01/opinion-asu-should-establish-lgbt-safe-space,"""A place on campus designated to help have these resources that cater to the specific needs of queer students would be beneficial.""
For more than a decade, LGBTQ+ student organizations at ASU that make up Rainbow Coalition, including TransFam and GRADient, have been advocating for a dedicated physical space on campus where LGBTQ+ students can find community in a safe environment. But despite their ongoing efforts, the University administration has not fulfilled this request.
In a November meeting with the State Press, ASU President Michael Crow expressed no desire to create this space, stating that the University is ""trying to focus on what people need to be successful and, right now, we don't think that needs separate space.""
""We want every person in every building to be treated the same, and if you start building buildings for this group or that group, all of a sudden you're now saying, well, that's who can go into that building,"" Crow said, stressing ASU’s policy to beopen to the public.""We don't want spaces where you can't come in here.""
Despite Crow's reluctance to create a designated safe space, students like Anthony Scarmack, a sophomore studying journalism and vice president of ASU Confetti, express frustration at the University's inattentiveness to the voices of its queer students.
""I'm just kind of confused and almost feel disrespected,"" Scarmack said. ""Your students are talking to you. Your students want something, and you're not listening to them. It feels like a slap in the face. You’re supposed to be a student-oriented campus.""
READ MORE:Rainbow Coalition's decade-long journey to build a space for LGBTQ+ students
Recent incidents, including an altercation between aqueer instructor and members of Turning Point USAlast October and the hosting oftwo controversial Conservative figureson campus, spurred another movement by these organizations to establish this space — with or without the support of the University.
""There's been a culture developing that students have warned about for months, if not years,"" Ruby Maderafont, former facilitator of advocacy for ASU'sRainbow Coalition, said. ""The first thing that comes to mind is the event that the now-defunct T.W. Lewis Center put on, which further emboldened people to undermine the fears of LGBTQ students on campus.""
The concept of safe spaces is nothing new; the term originated in the feminist and gay liberation movements of the mid-1960s. Queer bars provided individuals with a place where they could go out safely and be surrounded by others facing similar discrimination in a political environment still plagued by anti-sodomy laws. These places were few and far-between, but they were essential for people to temporarily ignore outside social and political oppression.
With only 63% of Arizonans saying that homosexuality should be accepted according to a study done by thePew Research Center, that refuge is still very much needed. Though the political environment has changed substantially since the 60s with queerness becoming more socially accepted and the legalization of gay marriage in 2015, the need for a safe community has not faded.
""(The misunderstanding) comes from this belief that the entire University is supposed to be a safe space. But you're talking about a historically marginalized group in a space where they are still the minority,"" Maderafont said. ""Yes, progress has been made over the course of many decades, but there are still challenges to existing as a queer person on campus. Not every space is accepting, whether it's overt or not.""
Nowadays, the term ""safe space"" is often surrounded by discussions about free speech on college campuses. The University of Chicago's 2016 message to incoming freshmen left no room for ambiguity in their stance, explicitly stating that safe spaces and trigger warnings would not be a part of their student's college experience.
""Our commitment to academic freedom means that we do not support so-called ‘trigger warnings,’ we do not cancel invited speakers because their topics might prove controversial, and we do not condone the creation of intellectual ‘safe spaces’ where individuals can retreat from ideas and perspectives at odds with their own,"" the letter read.
While the University of Chicago's statement may seem like a commitment to free speech and academic freedom, it greatly neglects that intellectual growth flourishes most in an environment where students feel safe and secure enough to have an open dialogue.
Much of the argument against safe spaces surrounding free speech stems from concerns about potentially isolating students from differing perspectives. But the point of establishing these spaces isn’t, and has never been, to shield students from uncomfortable ideas unlike their own; it's about fostering a basic sense of inclusion and respect that allows all students to thrive.
""Given the political polarization of queer identities, LGBTQ+ students are in a very vulnerable spot,"" Maderafont said. ""A place on campus designated to help have these resources that cater to the specific needs of queer students would be beneficial. It would definitely speak to a wider need for acceptance and inclusion within the broader campus community at large.""
Contrary to the criticisms often aimed at space spaces, they don’t serve as a manifestation of oversensitivity but rather an acknowledgment that, for marginalized groups, physical and psychological safety is very much intertwined.
Nearly one-third (32.6%) of LGBTQ+ students experienced bullying, harassment, or assault at college, compared to 18.9% of non-LGBTQ students, according to areportdone by the Williams Institute at UCLA. As a result, LGBTQ+ individuals are more than twice as likely as heterosexual individuals to experience a mental health disorder and 2.5 times as likely to experience depression, substance misuse and anxiety, according to theAmerican Psychiatric Association.
ASU establishing a safe space for its queer students wouldn't mark the first Arizona university to do so. Even ASU's biggest athletic rival, UA, established itsLGBTQ+ Resource Centerin 2007 with a mission to ""build, sustain, and strengthen a safe, inclusive, and open environment” for its LGBTQ+ students and faculty.
The real problem doesn’t lie within the existence of a physical safe space — the real problem is a lack of empathy and understanding and not listening to the vulnerable individuals in your community when they tell you that there is something you could be doing to make them feel safer in pursuing their academic career.
It is vital for ASU to provide a space for its LGBTQ+ students where they can focus on their academic journeys while safely being themselves.
Safe spaces are not a concession, they are not a threat to free speech, they are not a community asking to be distanced from views that differ from their own; they are a demand for acknowledgment, respect, and equal footing. In creating these spaces and listening to their students, ASU has the opportunity to stand for progress and showcase its commitment to fostering an environment where everyone has the chance to thrive.
Edited by Walker Smith, Shane Brennan and Caera Learmonth.
Reach the reporter atsabuggle@asu.eduand follow@sadie_buggleon Twitter.
LikeThe State Presson Facebook and follow@statepresson Twitter.
Sadie Buggle is the Editor of the State Press Opinion Desk. This is her third semester working for the State Press after two semesters reporting for the Community and Culture Desk.
This website uses cookies to make your experience better and easier. By using this website you consent to our use of cookies. For more information, please see ourCookie Policy."
https://www.statepress.com/article/2024/04/abortion-ban-opinion-arizona-supreme-court,"""It's all the same. The things that protect us, that intervene in our lives physically and emotionally, we should be able to have access to those things.""
Last week's Arizona Supreme Court decision demonstrates that the fight for access to safe abortions cannot be reactionary, and advocates have to be proactive to defend the safety and autonomy of women.
On April 9, the Arizona Supreme Court ruled that an 1864 anti-abortion law could come back into effect. This law, which passed before women had the right to vote in America, would criminalize medical professionals who offer abortions. The sole exception is if the mother's life is at risk.
This law has been on the books for over a century but was kept at bay by the Roe v. Wade Supreme Court decision, which protected abortion access at the national level. When the courts reversed their decision in 2022, the legal battle began in Arizona to bring back the 1864 law.

While the Supreme Court's ruling revives the 1864 near-total ban, I will not let overzealous county attorneys take this as an opportunity to target any individual. As long as I am Governor, no Arizonan will be prosecuted by extremist county attorneys for seeking abortion care.

Roe v. Wade was a monumental success in the fight for access to safe abortions, but overturning that single Supreme Court decision led to awave of anti-abortion laws. It's easy to understand that with foresight now, but it was a mistake not to codify Roe v. Wade into federal law.
Lexsiri Coronado is a junior at ASU studying English literature and a steering committee member for the Phoenix branch of theParty for Socialism and Liberation. She is one of many women disappointed in the Democratic party for not enshrining abortion access in federal law.
""In 2022, when the Democrats had the Senate, they had the House, and they also had Joe Biden and the presidency,"" Coronado said. ""They didn't codify Roe v. Wade, they didn't do anything to protect women's rights. They didn't put pressure on the Supreme Court when they could.""
The reliance on the Roe v. Wade decision harmed Arizona women, too. The state legislature had passed a law allowing abortions before a 15-week deadline. But, because the 1864 law was still on the books, the Arizona Supreme Court ruled that it should be implemented instead. Rep. Stephanie Stahl Hamiltonbrought a bill to repeal the lawearlier this year, but it did not receive a committee hearing.
Leaving the 1864 law on the books, especially after the Roe v. Wade decision in the 70s, was a massive oversight. It left a future bomb that abortion advocates now have to defuse to protect the health and safety of women.
But this moment can also be a learning opportunity. We have now seen the consequences of protecting abortion with just one ruling and centering laws around that one ruling. Now, there is an opportunity to rebuild abortion access in its most potent form. Here at ASU, there are already students building their ideal future for abortion access.
""Abortion should not be seen differently than ... other aspects of healthcare,"" Coronado said. ""It's all the same. The things that protect us, that intervene in our lives physically and emotionally, we should be able to have access to those things.""
As a member of the PSL, Coronado organizes protests, holds educational events and uses social media to spread information and awareness.

A post shared by PSL Phoenix (@pslphoenixaz)

For her, this issue is both political and deeply personal.
""I found myself in a situation where I did have to have an abortion because I was in a predatory relationship,"" Coronado said. ""I got pregnant, and I had to have my abortion in isolation.""
Coronado explained that experiencing an abortion alone is risky because she had to monitor her blood loss to ensure she was not losing a dangerous amount. A support system could have helped her monitor this while giving her time to rest and recuperate.
When building the future of abortion access, this is something to consider — there can be a preemptive effort to give women support systems if they do experience an abortion. Notably, support systems are far more difficult to maintain when abortion is criminalized, as it often forces women to seek unsafe abortions orprocedures in different states.
Right now, the immediate goal should be to restore basic access. In Arizona, this may be by repealing the 1864 law or byvoting two Arizona Supreme Court justicesout in November. But this is also an opportunity to look further into the future and rebuild a system that avoids the mistakes made previously.
For example, abortion access could be considered part of a more holistic approach to reproductive health practices.
Devils in the Bedroomis a club at ASU that shares resources and information for safer sex practices. A member of their board is Bee O'Callaghan, a junior studying psychology. She explained how abortion and sex education are inherently linked.
""People are saying that people who get abortions are doing it because they're not being responsible whenever they're having sex,"" O'Callaghan said. ""That's not the case. They just don't know sometimes that if (for example) you put a condom in a car, it can deteriorate.""
If people are more educated about sex, and especially if the topic is less stigmatized, they can make more informed decisions. Abortion is already an immensely personal and challenging decision; it makes sense that women should be educated and empowered with sex education before even having to consider the choice.
""We should start talking about consent and boundaries when we're toddlers or very young children,"" said O'Callaghan. ""If you can have bodily autonomy right from the get-go, then you can have safer sex practices.""
Sex education is still just one piece in a more holistic understanding of abortion access and sexual health. People with uteri often need access to supplies. Luckily, this is where Devils in the Bedroom can be a resource for students on the Tempe and West Valley campuses.
DITB offersPeer-to-Peer Distributionof sexual health supplies, including emergency contraception, menstrual supplies, and condoms for free.
""The (emergency contraception) pack we give is about $100 anywhere else,"" O'Callaghan said. ""The Plan B pill is roughly $30 to $50. We give two because they should not have to worry about it at all.""
READ MORE:Devils in the Bedroom destigmatizes sexual education, focuses on creating safe space
PSL and DITB are community groups that are deep in the work to rebuild abortion access as a matter of healthcare and safety. However, they are just a piece of the rebuilding effort. It should be up to everyone who considers themself a supporter of abortion rights to keep pressing forward.
Right now, the exact future of abortion access in Arizona is uncertain. After the decision on April 9, there is a 14-day pause to hear additional arguments. There will be an additional 45-day period before the law can be enforced.
This leaves time for the legislature to repeal the 1864 law. It is also likely that theArizona for Abortion Accessconstitutional amendment will be on the ballot in November after it was announced that their petition reached over 500,000 signatures.
In the meantime, there is no shortage of community groups or volunteer opportunities to participate in.
“The fight for every movement goes through ebbs and flows,"" Coronado said. ""The fight for abortion has been in its downturn period, despite Arizona having an almost complete ban on abortion. But the positive side of that is that we can really focus on politically educating and training the people who do and getting them more involved with the larger and broader movement.""
We can not become complacent with the sorry state of abortion laws, especially in Arizona. Instead, we should keep envisioning a better future and commit to voting, organizing and supporting abortion access that can not be taken away.
Editor's note: The opinions presented in this column are the author's and do not imply any endorsement from The State Press or its editors.
Want to join the conversation? Send an email toeditor.statepress@gmail.com. Keep letters under 500 words, and include your university affiliation. Anonymity will not be granted.
Edited by Walker Smith, Sadie Buggle and Caera Learmonth.
Reach the reporter atsyramir2@asu.eduand follow@nerdyosoon X.
LikeThe State Presson Facebook and follow@statepresson X.
This website uses cookies to make your experience better and easier. By using this website you consent to our use of cookies. For more information, please see ourCookie Policy."
https://www.statepress.com/article/2024/03/opinion-ai-in-counseling,"""If it doesn't solve the problem better, enhance the outcome better, help the student better, we're not going to do it.""
As artificial intelligence spreads to new fields, not all of them are quite ready to embrace it. They need more time for security measures to be implemented, comprehensive ethical guidelines to be developed and regulatory frameworks to be put in place.
On Feb. 1, following their partnership with OpenAI, ASU began accepting proposals for potential applications of the program. One such proposal showcased in theirInnovation Challengeupdate is intended for theCollege of Health Solutions, called BehavioralSim.
The initiative's goal with AI is to simulate counseling scenarios for students to practice their skills on, including person-centered techniques and practical skills. This raises serious questions about replacing human teachers and their professional experience with AI.
While utilizing this tool or similar AI bots, it's important to acknowledge the inherent limitations of such technology.
""They have a lot of flaws,""ASU President Michael Crowsaid in a meeting with The State Press. ""I've asked them really complicated social questions or cultural questions that I had one of them lying to me, you know, along the way.""
Despite its ability to offer guidance and information, an AI bot cannot fully replace the expertise and nuanced understanding provided by human counselors. In times of heightened stress or when faced with psychologically intense questions, the efficacy of AI may be questionable.
Andy Woochan Kwon is a Licensed Associate Counselor and graduate of the Masters of Counseling program at ASU.
""A lot of your prognosis in counseling as a patient is dependent on the relationship that you formed with your therapist,"" Kwon said. ""I believe the research shows us about (25)% of that prognosis can be attributed to the relationship that you have with the therapist.""
The complexities of human emotions and experiences often require the empathetic support and personalized approach that only a trained counselor can offer. Furthermore, the dynamic nature of counseling necessitates the ability to adapt and respond in real time, a capability that may be lacking in AI-driven interactions.
""AI is a great tool, but it's not yet a replacement for how complex humans can be,"" Kwon said.
Additionally, it's essential to recognize that AI, like humans, possesses biases and limitations.
These biases may inadvertently influence the responses provided by AI bots, potentially impacting the quality and accuracy of the information offered. In situations requiring sensitivity and nuanced understanding, the reliance solely on AI may fall short of meeting the diverse needs of individuals seeking mental health guidance.
Until the risk of bias and false information is proven to be minimally impactful and mechanisms are in place to verify the diagnoses that AI replicates, it should not utilized in the mental health field.
Protecting patient privacy and ensuring data security are critical considerations in the integration of AI into counseling. However, an ethical dilemma arises when attempting to utilize patient data to enhance AI models without compromising confidentiality.
""The ethical code about confidentiality is there to ensure that clients feel safe in the therapy setting,"" Kwon said.
Currently, ASU's proposal guidelines state that ChatGPT Enterprise, the AI engine behind these projects, is not approved for FERPA-protected or other sensitive data.
This creates a paradox, where in order to improve itself, the BehavioralSim must access data it is currently not secure enough for. Crow was asked in a meeting with The State Press about how the success of OpenAI partnership programs, such as BehavioralSim, will be evaluated.
""If it doesn't solve the problem better, enhance the outcome better, help the student better, we're not going to do it,"" Crow said in the meeting. ""So if it doesn't have the ability to be of any value at all, then it's not going to be doing so.""
While this approach might be suitable for other fields, the consequences of mishandling mental health are too serious to risk. Is the mental health of students worth being an experiment for AI?
Navigating the complex terrain between data-driven insights and high ethical standards is essential for fostering trust and confidence in the use of AI technology in mental health and beyond. AI has not proven that it can hold up to the standards that are required for mental healthcare, and so it should be prohibited until it is improved.
Edited by River Graziano, Alysa Horton and Grace Copperthite.
Reach the columnist atdmanatou@asu.edu.
Editor's note: The opinions presented in this column are the author's and do not imply any endorsement from The State Press or its editors.
Want to join the conversation? Send an email to editor.statepress@gmail.com. Keep letters under 500 words, and include your university affiliation. Anonymity will not be granted.
LikeThe State Presson Facebook and follow@statepresson X.
This website uses cookies to make your experience better and easier. By using this website you consent to our use of cookies. For more information, please see ourCookie Policy."
https://www.statepress.com/article/2024/03/tempe-student-in-phoenix,"Cities are not perfect — but when I'm faced with the flaws of Phoenix, I can imagine that life there would give me a smoother transition to the ""real world.""
Growing up in Phoenix, I remember experiencing the wonder of downtown. As early as fourth grade, my elementary school class and I would take the light rail from the Encanto stop to Van Buren Street for our monthlyYMCA field trip. We opened the doors, making our way through a sea of weightlifters. After a few hours at the indoor pool, we made our way out through the cafe, towels around our necks.
I saw the surrounding Downtown Phoenix campus as a grown-up extension of the city I knew, and I thought one day I could be a part of it.
I admired the way my hometown had a different side to it, one that was vibrant and bustling. 20 year olds looked like businessmen through my fourth-grader eyes. They made a young area seem very grown up.
A decade or so later, my major has banished me to the Tempe campus. We have everything from a renovated five-story library tower to a nine-acre recreational field you can see from an airplane. We have countless on-campus restaurants and dining options. It's a sprawling university metropolis where you can have anything you want, whenever you want it.
But there's one catch — everyone here is a student.
I'm immersed in a so-called cool and youthful setting that is supposed to be a good thing. Being surrounded by people my own age makes the educational experience relatable and fun. Living on campus issupposedto feel like a nine-month sleepover.
But as I approach my senior year, I'm starting to feel suffocated by my own people. On the Tempe campus, I live and breathe amongst people my age, and worse, people almost three years younger than me. Walking to class through a parade of loud, cliquey freshmen is not for the weak.
This leads me to remember my first ASU football game, almost three years ago.
I was completely engulfed in sweaty undergrads wearing gold t-shirts, many of them being men studying business. They screamed and chanted every time our team scored as I watched in awe, completely unaware of what was going on. It was a culture shock for an arts high school transplant.
Everything about that experience screamed ""Tempe Campus"" — the overwhelming amount of pride all students had was expressed boldly through the fireworks, Sparky running freely on the field, and the slightly obnoxious group of random freshmen I was with.
During a moment of mental silence, I began to realize how formulated my college life was.
I lived in this tiny bubble of people my age who had the common goal of going to school. In this bubble, we had our own financial systems, our own restaurants, and, as my surroundings suggested, our own sports team. It was like a fake fairy tale, and lying outside was a very real world filled with problems that were bigger than crappy dining hall food and hangovers. It felt inauthentic.
Flash forward to this year, when the State Press has made downtown Phoenix my second home. The commute is about 50 minutes using the light rail, but I still haven't gotten sick of it.
When I enter the Downtown Phoenix campus, I see the part of Phoenix that feels the most like a city. I see grad students, babies and dogs, and families going for a stroll. The students on the campus blend in with the city landscape.
The ""real world"" isn't pretty. Maybe that’s why a lot of students enjoy the security that ASU's Tempe campus brings. But others, including myself, feel a sense of freedom the moment we arrive at Central Avenue and Polk Street and see an elderly man pushing his walker down the sidewalk.
With that said, the Downtown Phoenix campus is far from perfect. There are two places to get coffee on a good day, and the only library they have is in a basement with unreliable Wi-Fi. But the beauty of downtown is that you can go over toBurton Barr Library, which perfectly captures the essence of life in a city.
Cities are not perfect — but when I'm faced with the flaws of Phoenix, I can imagine that life there would give me a smoother transition to the ""real world.""
Edited by Sophia Braccio, Alysa Horton and Grace Copperthite.
Reach the reporter atebmosier@asu.eduand follow@eleribmosieron X.
LikeThe State Presson Facebook and follow@statepresson X.
This website uses cookies to make your experience better and easier. By using this website you consent to our use of cookies. For more information, please see ourCookie Policy."
https://www.statepress.com/article/2024/03/magazine-dry-dry-devils,"ASU may officially be known on billboards and banners as No. 1 in innovation, but the school has cultivated a different, less coveted national ranking over the decades: a widespread reputation as one of the top party schools in the country. Provocative publications like Playboy lauded ASU in the 2000s and early 2010s for its intense party culture.
But back in the '80s, ASU students found their right to drink the partier's beverage of choice — alcohol — was under siege. In 1981, Arizona Gov. Bruce Babbitt proposed to raise the state's legal drinking age from 19 to 21. This sparked an impassioned student uprising across the state at all three of Arizona's public universities, according to The Arizona Republic. But in the end, the students lost. To ring in New Year's Day 1985, a state law signed the year before took effect, raising Arizona's minimum drinking age to 21.
Just a year later, ASU partiers suffered yet another loss: The University, which had previously permitted alcohol on its grounds, became a dry campus, meaning that students of any age would be prohibited from drinking alcohol on its grounds. Fast forward to now, and the policy still stands — ASU has been a dry campus for nearly 40 years.
While some view ASU's dry campus policy as an unenforced joke at a university still widelyconsidereda party school, others see it as a necessary safeguard for students' well-being. Regardless, the school's dry campus policy doesn’t seem to have prevented alcohol use and abuse on and around campus, so what does it really do for students?
Ultimately, it serves as a transparent curtain that's clumsily attempted to conceal the University's decadeslong reputation of revelry. But with liquor stores across the street from dorms, bars just steps from campus andThe Pubin the Thunderbird School of Global Management at ASU Downtown Phoenix, the dry campus policy only perpetuates a secretive culture around alcohol that threatens students' safety and well-being.
READ MORE:Satire: Yeah, we're definitely a dry campus
ASU's current approach to managing alcohol use on campus is to ban it altogether, a mirror of the school's desert home: dry and barren.
""ASU strives to create a healthy environment in which the illegal or improper use of alcohol and other drugs and controlled substances does not interfere with learning, performance, employment, residential living, or development,"" states the University'scurrent drug and alcohol policy, implemented on Nov. 1, 1985, as the philosophy behind the dry campus rule.
It's essentially impossible for any student who's lived in an ASU dormitory to be unaware that any consumption of alcoholic drinks or ownership of kegs, bongs (beer and otherwise), shot glasses, alcohol funnels and any other type of alcohol or drug paraphernalia is prohibited in residential halls.
It's an unbending rule that's plastered on hallway posters inside the dorms and repeated throughout the year by University Housing staff. It's a part of the culture — it's a dry campus.
It wasn’t always this way, though. ASU's current alcohol policy is overly restrictive, but it used to be more open. The previous policy allowed students of legal drinking age to make the ""personal choice"" of whether they wanted to drink on campus. Under it, ASU was a wet campus, meaning that students of legal drinking age were allowed to consume alcohol on the University's grounds.
""The university is committed to maintaining an environment conducive to intellectual and personal development of students and to the safety and welfare of all members of the university community,"" the former policy stated. ""This includes encouraging responsible drinking habits by those individuals who consume alcoholic beverages and respecting the rights of those individuals who otherwise choose not to use alcohol.""
Take away the dry versus wet campus element, and the language of the University's previous alcohol policy is extremely similar to the current rule's. Both were born from the philosophy that every student should have the most educational, enjoyable and healthy experience possible on campus. The key difference is that now, even responsible, legal alcohol usage seems to have no place in this environment.
Alongside the school's flat-out ban on alcohol, specific restrictions have also been added for different drugs over the years.
As state and federal policies, as well as national attitudes, surrounding these substances have changed, ASU's policy feels stale and outdated. It seems the University figured students couldn't possibly pursue a worthwhile education and drink responsibly at the same time.
But what if you can?
Almost all ASU students know that Halloween is one of the school's premier holidays — students may be cloaked in costumes, but the University’s party school reputation is on full display. So it wasn’t atypical when Tatianna Gladu-Lesniewski, a sophomore studying forensic science, stumbled upon a pair of visibly drunk girls outside her dorm around Halloween 2022. Rather than abandoning them to their own devices, she and her friends checked up on the girls, provided them with water and electrolytes, and offered them rides home.
Her experience that night pointed out the glaring need for students to be educated on safety precautions when consuming alcohol and partaking in the party culture that permeates and surrounds campus. Realizing the University had failed to sufficiently fulfill this need, she took this responsibility into her own hands and foundedSun Devil Sips, a club dedicated to creating ""a community of educated individuals that look out for each other to avoid potentially harmful situations involving alcohol,"" according to its Sun Devil Sync page.
""If people want to partake in alcohol and engage in those activities, they will find a way to do it, regardless if ASU is a dry campus or not,"" Gladu-Lesniewski said.
That’s because rules don't create boundaries — people do. They do it for themselves, for one another and for entire universities. For many, college is an experimental version of adulthood. It's a time when many students awkwardly attempt to familiarize themselves with maturity for the first time, taking it on and off at will like a costume. A large aspect of that maturity is drawing hard lines for yourself regarding substance use.
It's letting go of people who invade your comfort zone when it comes to substance use. It's saying no to Friday night party plans because you need time alone. It's knowing when to look at the substance use habits of yourself and the people around you, and when to decide something has to change.
These are completely personal decisions. No policy or guideline will stand in the way of someone who wants to use a substance, so it’s not safe to act like it does. All it does is push those who want to use substances to do so in secret.
Alcohol may be the name of the dry campus game, but it isn't students' only substance of choice. As with alcohol, an all-out ban is also ASU's approach to the use of many drugs, even for some federally legal substances, like tobacco.
In 2013, ASU became a tobacco-free campus after banning the use of the substance on all school grounds ""to promote health and wellness in the ASU community,"" according toASU News.
Just six years later, in 2019, the University also prohibited vaping on campus for the sake of students' health and safety, but some in the ASU community criticized the ban for ""demoniz(ing)"" the habit, which is a popular alternative for those trying to quit smoking cigarettes, according toThe State Press.
Vaping proliferates among college students — out of all adults, those aged 18–24 were most likely to use e-cigarettes, a study by the Centers for Disease Control and Prevention found in 2021. Just take a look at the rows of neon-colored, candy-sweet e-cigarettes that stock the shelves of convenience stores around campus, and it’s not hard to see evidence that supports the statistic in real life.
Like any drug, nicotine alters users' brain chemistry, compelling them to chase the same dopamine rush with every hit or drag. The more nicotine a person intakes, the more dopamine receptors the brain creates to handle the sheer amount of the chemical, a process known as upregulation.
""The brain is used to that nicotine being there to stimulate all those added receptors to increase the dopamine levels,"" said Scott Leischow, a research professor in the College of Health Solutions who studies nicotine addiction and the process of quitting smoking. ""So if you take away the nicotine, then the dopamine levels that a person is used to drop a lot. The absence of the added dopamine is why withdrawal symptoms occur.""
Along with the pain of withdrawal symptoms, Leischow said quitting the drug could only become more difficult if the user were in an environment where nicotine use is common, as the case may be for ASU students looking to kick the habit. In a 2019 survey byASU Wellness, over 1 in 8 students reported that they had vaped in the past 30 days, and over 1 in 20 reported smoking cigarettes within the same timeframe.
On a campus where substance use is so common, Lesichow recommended that students trying to quit a substance place distance between themselves and the people around them who practice the habit they’re trying to break.
""If a person is dependent on a product and they want to discontinue it, there’s value in trying to stay away from the product and the use of those products, and that may mean staying away from the people that use them for some period of time,"" he said.
Whether it be drinking, smoking or vaping, the bottom line is this: People create these boundaries only if they want to. No policies or bans can make the decision for them, so why keep pretending that these rules will?
The dry campus way may be the only way at ASU, but not all universities take the same approach. In fact, travel a little over 100 miles south of ASU, and you'll find that the language of the University of Arizona'scurrent alcohol policyis very similar to ASU's more permissive former policy.
""The University of Arizona recognizes that the use of alcoholic beverages by those of legal age is a matter of personal choice,"" UA’s rule states. ""The University requires that those who choose to drink on University property abide by state law and University regulations, and expects that such individuals will conduct themselves responsibly, mindful of the rights of others.""
Unlike ASU, UA is a wet campus, so students of legal drinking age can consume alcohol on campus — within reason. But UA's decision to allow of-age students to drink on campus has come with some repercussions, according to Trinity Gary, a senior at UA studying ecology and evolutionary biology, along with communication.
Even though UA's wet campus rule allows students to drink on campus, the privilege applies to students of legal drinking age only. But enforcement of the school's ban on providing alcohol to minors and alcohol consumption by underage students is fairly relaxed, which can lead to unsafe situations, according to Gary.
""I have friends on the EMS teams here, and they'll get calls every weekend about someone on campus, some freshman in a dorm needing to go to the hospital because they’re so blackout drunk,"" she said. ""All drugs have been so normalized here.""
Wet campus or dry campus, ASU and UA are plagued by some of the same problems involving substance use and alcohol consumption. So is there really one ""correct"" policy?
As of right now, there isn't. Instead, conversations about substance use need to go beyond policy — they need to be about people, about what best benefits the student body.
I don't have all the answers or a steadfast solution. But I know through my personal experiences as a student that the dry campus policy has failed to keep every student safe, happy and healthy, which should be some of the school's top priorities. ASU's dry campus policy feels like a finger-wag while UA's seems to be no more than a shrug.
Neither is what students deserve.
Edited by Camila Pedrosa, Savannah Dagupion and Madeline Nguyen.
This story is part of The Culture Issue, which was released on Feb. 28, 2024. See the entire publicationhere.
Reach the reporter atagbeck1@asu.eduand follow@abbygiselaon X.
LikeState Press Magazineon Facebook, follow @statepressmag onXandInstagramand read our releases onIssuu.
This website uses cookies to make your experience better and easier. By using this website you consent to our use of cookies. For more information, please see ourCookie Policy."
https://www.statepress.com/article/2024/03/opinion-devils-dropoff-opinion,"Devils' drop-off sign on ASU's West Valley Campus on Thursday, Feb. 29, 2024 in Glendale.
While COVID-19 may not be at the forefront of every student's mind this year, ASU is quietly discussing the end of the Devils' drop-off program. This prospect could be devastating to the most vulnerable on campus, and students deserve access to free, accurate COVID tests.
Since May 2020, ASU has offered saliva PCR tests on all campuses through theDevils’ drop-off program. The clinical testing laboratory within the Biodesign Institute offers highly accurate COVID tests, with results delivered within 48 hours.
However, in May 2023, the program removed many of its drop-off sites. There are now only three drop-off locations on the Tempe campus and one location each for the West Valley, Downtown and Polytechnic campuses. The remaining locations are primarily in high-traffic and high-visibility locations, with none remaining in residence halls.
""The demand is reduced,"" Vel Murugan, an associate research professor at the Biodesign Institute and technical director of the clinical lab, said. ""We started seeing (that) in many locations, we didn't even have any samples for days. It's just a demand to reduce it so that we can operate more efficiently.""
However, there is a genuine possibility that the Devils' drop-off program may be eliminated altogether.
Carolyn Compton is the medical director of the clinical testing lab. In an email, she discussed the current and future status of the lab.
""We no longer have that source of funding, and demand for COVID testing has dropped,"" Compton said in her email. ""For both reasons, we have had to close down many of our Devils' Drop-Off sample collection sites. Further, the future of the lab is somewhat uncertain.""
The source of funding Compton is referring to is the state. Joshua LaBaer, the executive director of the Biodesign Institute and scientific director of the lab, said that the state was paying for many of the tests being run.
""If there were enough people using it, then I think the University might (still) do it,"" LaBaer said. ""A big difference, of course, was back then, the state paid us to do those tests.""
The financial burden of the clinical lab is not insignificant, nor is the labor that goes into running a clinical laboratory, which has to meetstrict standards of accreditation. Tests must also be transported across the campuses to the clinical lab in the Biodesign Institute, although now there is no test pick-up offered on Friday or Saturday.
At the height of the pandemic, the lab required daily upkeep to meet the demand.
""We set up that lab,"" LaBaer said. ""We got a bunch of new robots. We got all kinds of new automation, and we were meeting seven days a week, every day at 8:00 a.m.""
This work paid off through keeping the community safe and providing valuable data to the state. In October 2021, the clinical lab completed its1 millionth test.
It should also be acknowledged that COVID is not a pressing concern for many students, especially with better medical technology to combat the virus, such as vaccines,Paxlovidand rapid response tests. In fact, one reason the demand for Devils' drop-off may have been reduced is the prevalence of rapid response tests.
""A big thing that affected us was people getting the protein tests that they can get at the pharmacy,"" LaBaer said. ""That test is very fast. It's not quite as accurate as our tests (and) doesn't get reported to the state like our test does, which is useful because the state can then track how often it's happening.""
CVS offers rapid-response COVID tests from $10 to $20 with delivery options available. The federal government also offeredfour free rapid test kitsper household in November.
However,rapid kits are less reliable than PCR kits, with a higher rate of false negatives.
This is why having free, highly reliable kits was such a boon to the community at the height of the pandemic. But even now, there are many reasons a community member needs either a free test or a more reliable one.
At this massive school, there are students facing financial difficulties and community members who are immunocompromised or who live with immunocompromised people. People may also prefer a more accurate test to guide their decision-making, like when they return to classes or a job after testing positive.
A free test in an easily accessible location may also increase the chance that students will test at the first sign of illness. The barriers to the test include cost, distance and even the fear of missing class or work. These hinderances may keep students from testing at the first sign of illness, which puts the most vulnerable members of the community at risk.
Every student may not appreciate the Devils' drop-off program, but for those who need it, the program is invaluable.
It should also be noted that the leadership of the clinical lab is not necessarily the ones advocating for the end of the lab. They were also unable to say what the program's future will be, as it is still under discussion.
""We are trying really hard to keep an active clinical testing lab within ASU moving forward,"" Murugan said.
ASU should remember the full value of Devils' drop-off as it decides the future of the clinical testing lab, and community members who value access to these free tests should take advantage while they still can.
Edited by Walker Smith, Sadie Buggle and Grace Copperthite.
Reach the reporter atsyramir2@asu.eduand follow@nerdyosoon X.
LikeThe State Presson Facebook and follow@statepresson X.
Editor's note: The opinions presented in this column are the author's and do not imply any endorsement from The State Press or its editors.
Want to join the conversation? Send an email toeditor.statepress@gmail.com. Keep letters under 500 words, and include your university affiliation. Anonymity will not be granted.
This website uses cookies to make your experience better and easier. By using this website you consent to our use of cookies. For more information, please see ourCookie Policy."
https://www.statepress.com/article/2024/02/opinion-losing-money-on-parking-asu,"The Novus Parking Structure on ASU's Tempe campus is pictured on Sunday, May 2, 2021.
One of the most common complaints you’ll hear is that there's no parking on campus.
It's the reason students are late to classes, meetings and events. Finding parking on campus can be a nightmare.
That doesn't even mention the cost of getting a parking permit on or near the Tempe campus, which can cost anywhere from $280 to $780.



Some have no choice. Many students commute from home, have families to support or have jobs where the only option to commute is by car. This opinion is not for those folks for whom parking is needed.
But students on or near campus who constantly drive should reconsider how they get there.
The metro Phoenix area is incredibly car-centric, with only very recent and limited improvements to the existing infrastructure. However, existing in Tempe and downtown Phoenix is not only possible but also presents a better lifestyle for students with the ability to ditch the car for a semester.
Students also may not feel safe on the light rail, streetcar or buses, a complaint I have heard from particularly women who feel unsafe at night while on public transportation.
However, our parking is at a premium. These spaces are money pits, and unless you live elsewhere in the Valley or have a job to commute to, there is little to no reason to have a car on the Tempe or Downtown Phoenix campus as a resident.
An ASU spokesperson said in a written statement that Parking and Transit Services reviews parking availability and use throughout the year and plans accordingly. They said that although some lots are crowded at certain times, there is sufficient parking on campus currently.
They gave the example of the acquisition of the EVB Parking Garage near the Downtown Phoenix campus at 460 N. Third St. by ASU to respond to the growing campus population and increasing demand.
David King is an associate professor of urban planning at the School of Geographical Sciences and Urban Planning. He said it costs a lot to build parking at ASU, and prices are fairly cheap.
""Building parking is very expensive to ASU,"" King said. ""Parking is very cheap to ASU students, faculty and staff. Even though they don't think so because they want to, they want it for free because we expect free parking just about anywhere we go.""
He said surface parking is the cheapest kind of parking infrastructure, but building that kind of parking in a dense city like Tempe and on an even denser University campus is difficult.
""A surface parking lot is the cheapest way to go where you're going to just put asphalt down but that's also a terribly inefficient use of that land and the ASU campus and Tempe overall have very scarce land, there's no more land to build,"" King said.
King said you can only build up or down in Tempe. According to King, some parking structures are being built on campus, notably between Mirabella and the new Omni Hotel on Mill Avenue and University Drive. He said underground parking structures are also possible, but each spot is worth money in the ""high five figures.""
ASU has to comply with parking standards laid out by Tempe and Phoenix for whatever they are building, which vary, and the University has to go through a joint committee for approvals for those projects, according to a Tempe spokesperson in a written statement.
""It's not that they're saying it's expensive compared to building a building that you would use to live in or work in or whatever. It's not those other buildings are more expensive than parking structures,"" Deborah Salon, an assistant professor at the School of Geographical Sciences and Urban Planning, said. ""But considering you have to pay a lot of money to just store your cars, then it starts to sound like that's crazy and really expensive.""
King said that, past what is being built now, he believes there is no intention to build any more parking with what little land is left to build near campus. Part of this, he said, is because parking capacity has gone down since 2020 as a long-term result of hybrid learning.
""There's just not as many people coming to campus every day,"" King said. ""If all of your meetings are by Zoom. Why would you show up other than when you have to be there for class or (to) go to the library or do some of the other physical things that you have to do on campus when you could stay home and you can save the cost and the time of commuting?""
Parking demand is low, and the University can use its money for other student accommodations.Also, by not having a car, students eliminate gas, insurance costs and repair costs.
Tempe has gone to extraordinary lengths to increase the walkability and accessibility of its infrastructure. If you think driving around Tempe is difficult, it is by design. On the light rail corridor, from Mill Avenue to Apache Drive eastward, high-rises are springing up where students can live off campus and not have to drive to campus or anywhere else where they might go, including Mill Avenue and downtown Phoenix.
READ MORE:Valley Metro rail extension to bring more riders, housing along the public transit line
""The city and the University are both trying to not just reduce parking, they're trying hard and investing a lot of money into reducing demand so that people are able to live near campus and be able to walk or bike,"" King said.
King said many people don't take public transportation because they don't know how to use it properly. He said the University should educate new students, especially students from out of state, about the alternatives to getting around campus and the surrounding cities.
""Those types of interventions with when you can catch somebody just as they're moving or they're changing jobs,"" King said. ""People are open to changing their mode of travel, but they often don't know how. So there's outreach, things like that, that can happen.""
Regarding public transportation safety, King said this was a problem that needed to be addressed, and the issue extends beyond Phoenix and is a larger humanitarian issue.
""The lack of feeling safe on public transit is somewhat related to the increase the dramatic increase in homelessness, that there (are) more interactions on public transit between unhoused people and police who are who are enforcing it,"" King said.
In June 2023, Valley Metro beganOperation Blue Ride, which increased Valley Metro's security presence in conjunction with an increased police presence in station and rail cars in Mesa.
He said the most important thing to make people feel safer in transit is more ridership, which can take a few years. He said he hopes more people use transit to make it feel more safe for everyone.
If you live on Apache Boulevard and only go to class and back, you should walk or take the train. It's a safe, active way to get around, and makes you a larger part of the community. It's also much cheaper than having to spend money on gas. There are things you need to drive for: grocery runs and other errands, doctor's appointments, going outside of Tempe and many others, but classes close by don't need to be one of them.
Tempe is a diamond in the rough for walkability and accessibility, and downtown Phoenix is the exact same. Take advantage of the ease of transportation as a student, and don't spend the time or money securing a parking spot.
Edited by Angelina Steel, Walker Smith, Caera Learmonth and Sadie Buggle.
Reach the reporter atsbrenna5@asu.eduand follow@shanebrennan36on X.
LikeThe State Presson Facebook and follow@statepresson X.
Editor's note: The opinions presented in this column are the author's and do not imply any endorsement from The State Press or its editors.
Want to join the conversation? Send an email toeditor.statepress@gmail.com. Keep letters under 500 words, and be sure to include your university affiliation. Anonymity will not be granted.
Shane Brennan is the Editor-in-Chief at The State Press. He was a sports and politics reporter, before becoming the editor of the politics desk. He has covered local and state politics for the Arizona Capitol Times and Cronkite News.
This website uses cookies to make your experience better and easier. By using this website you consent to our use of cookies. For more information, please see ourCookie Policy."
https://www.statepress.com/article/2024/02/opinion-need-intergenerational-friendships-connections,"ASU junior Alysa Horton dancing with Frank Fitzhugh on Thursday, Aug. 3, 2023 in Nampa, Idaho.
We're going to get old. Time will move forward, creases will become more prominent and we will learn to say more 'goodbyes' than 'hellos.' The way I plan to prevent this? Befriending people of all ages.
Intergenerational friendships, or cross-generational friendships, are those where people have an age gap of 15 years or more. The concept can scare away many Gen Zers who are worried they will become the resource for iPhone advice. But I speak with more people over the age of 50 Thursday through Saturday than people in their 20s — and I wouldn’t change it for the world.
The truth is, friendships that venture beyond age curate new perspectives, aid in mentorship and reduce the need for comparison that's often prominent in friendships with people of the same age.
I've worked as a waitress in older communities for three years, first in an assisted living home and then in a retirement community, Mirabella at ASU, where I have been for seven months.
As I pour married Mirabella residents Bill Gates and Bobbie Reed their pot of half-regular and half-decaf, I hear stories about the classes they are taking tointegrate into the college communityright next to their home. Bill emails me about Taylor Swift's impact and says he finally understands why I love her music.
""I've learned that people of your generation are going through some of the same hopes and fears I went through at your age,"" Gates said in a written statement. ""I love the fact that while students hold the door for an old man, at least a few may sense it's worth spending some time getting to know me as a person, not just an old guy.""
Bill learns about Taylor Swift from me; from him, I learn about what the newspaper world was like before the digital age. He tells me stories of his travels and the life he's created with Bobbie. Bill tells me I will be okay when I get to his age, and I believe him because if he's navigated it all, so can I.
Bill and Bobbie have created intergenerational friendships through Mirabella and a pen pal program with a scholarship group at ASU. Their chance to connect with a new, younger friend isn't one that everyone gets to experience. According to AARP, almostone-third of older adultshaven't made a new friend in at least five years. ​
Bill initially joined the pen pal program because he ""wondered why college freshmen would want anything to do with oldtimers."" He has two pen pals in the program: my roommate Drew and I. Bobbie's pen pal is Esther Low, a sophomore studying biomedical engineering.
""I originally connected with Bobbie because we both studied science, and she got her Ph.D. in chemistry,"" Low said. ""So it's allowed me to understand how my degree can provide a career beyond my time at ASU. I've also learned a lot about how learning is not for any particular age group.""

You regularly make friends until your mid-20s, but after you turn 25, your circle shrinks, and the people you contact daily continue to decrease. The difference with intergenerational friendships is that half of them will reach the 10-year mark of friendship, and one in five will see two decades together.
Whether we want to admit it or not, it's nearly impossible to notcompareourselves to our similar-aged friends. I look in the mirror and pick out what's different from my other friends, or I sit in class and wonder how I'll get ahead of everyone else in the room.
With my cross-generational friendships, I get to take a breath and listen to how none of my comparisons will matter when I get older.
""It's not particularly common to have these kinds of friendships,"" Low said. ""But (Bobbie and I) were talking over lunch about how our generations are so different, even our point of view. We can learn from each other in every single way.""
No matter how much therapy we promise to go to, Gen Zers have a way of making their emotions more like a comedy skit. A looming fear of forming cross-generational friendships as a young person can be having to say goodbye to someone we grow to love and want more time with.
The fact is that we could lose a friend too soon, no matter what age. Sure, it becomes more prominent when your friend collects social security, but we have the chance tocelebrate the lifewe have, no matter how long it has left. We can’t lose opportunities for connection because we worry we’ll be without it one day.
""Most of my contemporaries spend a lot of time thinking and talking about the past, myself included,"" Gates said. ""It's so much more rewarding to communicate with people who are about to embark on careers and have decades of trial and error — and great successes — ahead.""
The way to keep understanding and growing is by befriending young people; we can be that for someone else right now. Whether you want to grow your social circle or fear the unknown of the future, now is the time to make an unlikely friend.
Edited by Walker Smith, Sadie Buggle and Caera Learmonth.
Reach the reporter atalysa.horton@gmail.comand follow@alysa_hortonon X.
LikeThe State Presson Facebook and follow@statepresson X.
This website uses cookies to make your experience better and easier. By using this website you consent to our use of cookies. For more information, please see ourCookie Policy."
