Link,Document
https://wildcat.arizona.edu/opinion-the-first-2024-presidential-debate-lacked-professionalism/,"Former United States President Donald Trumpandcurrent President Joe Bidenparticipated in thefirst debate of this year’s election cycle on June 27, 2024.
Thedebatewas held inAtlanta, Georgiaand hosted byCNN, withJake Tapper and Dana Bashas moderators. A key feature of this debate was that there was no live audience, as CNN wanted viewers at home to form their own opinions on the candidates without audience reactions influencing them. Even further, when one candidate was answering a question, the microphone of the other candidate was muted to prevent them from interjecting. While the rules and moderators were fair and reasonable, the debate still revealed the lack of professionalism in American politics.
President Bidenis currently81 years old, andformer President Trumpis currently78.Regardless of the winner, the next president will be theoldestever elected in American history. This was clear from both of their demeanors on stage, especially Biden. In fact, President Biden was met withcriticismand uncertainty due to his performance, as he seemed exhausted and distracted. This factor alone made the debate feel unserious.
Despite the clear rules given by the moderators, the former president still managed to find loopholes in the system.Trumpwould often respond to the questions the moderators posed by first responding to whatBidenhad said previously – even thoughTapper and Bashallowed time for the candidates to respond to one another – effectively dodging certain prompts.
When asked about climate change, Trumprespondedwith,“Well,let me just go back to what he said about the police, how close the police are to him.” After ignoring the question from Bash, Bash prompted the former president again with,“38 seconds left, President Trump. Will you take any action as President to slow the climate crisis?”His brief response consisted of “And yet, during my four years, I had the best environmental numbers ever. And my top environmental people gave me that statistic just before I walked on the stage, actually,” even though no statistic was stated.
There were more unsupported claims from both the former president and current president, which reinforced that this debate was essentially useless.
Trumpthrew around haphazard claims such as “We’re like a Third World nation,” that Biden is destroyingSocial Securityand thatmillions of immigrants are living in luxury hotels while veterans are homeless.Bidenalso responded to prompts without any statistical backing and promoted empty promises, like restoringRoe v. Wade.Both sides seemed to simply be using exaggerated speech directed at the other without actually promoting any tangible solutions to the issues at hand.
The issues discussed were largely reminiscent of the 2020 presidential election debates, which, personally, made me feel bored and annoyed with the debate. Since Trump was elected in 2016, it seems as though there is an endless cycle of nonsense being spewed about issues such as abortion, inflation, tax cuts, immigration and climate change legislation. One side wants one thing, and the other is unwilling to accept it. There were more recent topics discussed, like theongoingwar between Israel and Palestineand thewarbetweenUkraine and Russia.
When probed on the humanitarian crisis inGaza, Trump gave an alarming response.
“As far as Israel and Hamas, Israel’s the one that wants to go – he said the only one who wants to keep going is Hamas. Actually, Israel is the one. And you should them go and let them finish the job,”Trump said.
In a war wheremore than 30,000 innocentPalestinianshave been killed, I am not sure what “finish the job” means. This claim is arguably encouraging terrorism and genocide, and is coming from someone who alsoincited aninsurrectionon January 6th, 2021. All the while, Trump stated that millions of terrorists are pouring into the United States because of the border crisis, making Biden a terrorist. Curious.
During the debate, Trump especially hyper fixated on immigration, and used it as an escape route to answer almost any question he did not seem to have an intelligent answer to. According to some of his responses, immigration is to blame for inflation, veteran homelessness and black unemployment. Despite the ongoing wars abroad, Trump also referred to the border as“the most dangerous place anywhere in the world.” While immigration is a topic worth discussing from both parties, Trump seems to use it to evade answering real questions and to rally a political fanbase.
Overall, the first debate of the 2024 election was underwhelming, repetitive and useless. Both candidates are the oldest American voters have seen, and as the two men spent part of the debate arguing who is better at golf while refusing to give meaningful answers to the questions asked, this livestream can be seen as one of the most unprofessional and unserious moments in American history. The next four years will likely be much of the same, as both candidates stated they were only running because of how horrible the other was at being president.
Optimistically, future elections may consist of younger, more competent candidates who are willing to make change and end the unprofessional vindictiveness seen in government today.
FollowtheDaily WildcatonInstagramandTwitter/X
"
https://wildcat.arizona.edu/opinion-best-futures-bets-for-the-remainder-of-the-nba-season-2/,"The Arizona women’s basketball team is coached by Adia Barnes, and the Arizona men’s basketball team is coached by Tommy Lloyd.
With theNBA playoffs less than two months away, we have seen enough basketball to make some projections for how the end of the season will shake out. There are plenty of futures betting markets to take a look at, including division winners, conference winners and, of course, theNBAchampion. All odds presented in this article are courtesy ofDraftKings.
Although these odds do not present too much value, I thinkVegasis siding with the MiamiHeatheavily to win its division for a reason. TheHeatare a team that have been known to pick up its level of play as the season goes on. Led byJimmy Butler and Bam Adebayo, this team has proven over the years that they can compete with any team in the league, as they have made theNBA finals two times in the past four years.
Right before theall-star break, they added Terry Rozier, who will add a scoring boost for a team that’s weakness comes on the offensive side of the ball. AsRozierbecomes more accumulated into theMiami Heat’ssystem, I predict that this offense will take a big step forward.
Additionally, theHeat have the fifth easiest remaining strength of schedule. An experienced team like theHeatwill take advantage of less talented teams. The only competition theHeathave when it comes to winning its division is theOrlando Magic. TheMagicstarted off the season very well, but since the new year, they have been a slightly above average teamwith a record of 16-13.
TheMagiclack experience and offensive prowess at times, as they rank 22nd in the NBA in offensive rating.TheHeathave struggled with injuries all year,having put out at least  31 different starting lineups this year.They are now starting to get healthier, which solidifies them as the best team in this division.
The Dallas Mavericks have the two best players in this division, Kyrie Irving and Luka Doncic. The Maverickscould be considered the winners of the trade deadline, as they addedtwo new key pieces to help support Irving and Doncic.TheMavs traded for Daniel Gafford, who is on a shortlist of players that average at least two offensive rebounds and two blocks this season. The only other players on the list areVictor Wembanyama, Rudy Gobert, Anthony Davis, Nic Claxton and Walker Kessler,who are all formidable players in theNBA.
The Mavericks also replaced Grant Williams,who reportedly was not loved by his teammates inDallas, withpower forward P.J. Washington. Washingtonis an upgrade fromWilliams, asWashingtonhas averaged11.6 points, 5.2 rebounds and 1.3 assists in 31.9 minutes per game this season. The Mavericksonly competition in theSouthwest Division is the New Orleans Pelicans,who aretwo games ahead of theMavs. Not only are theMavsa better and more talented team, but they also have a much easier remaining schedule.The Pelicans rank in the top 10 when it comes to the hardest remaining schedule. The Mavs rank in the bottom 10. Take the plus odds to the bank and see your bet cashwhen the season comes to an end on April 14th.
+250is amazing value for the most well-rounded and talented team in theWestern Conference. Tyronn Lue should be given more credit than he is given, as he has figured out a system that allowsJames Harden, Kawhi Leonard and Paul Georgeto play together effectively.Hardenis one of the league’s best facilitators and has proven throughout his career to be one of the greatest scorers this league has ever seen.
Leonard and George are two of the best two-way players in the league and can both score effectively on all three levels. Their biggest challenge in theWest will be the defending champions the Denver Nuggets. I give theClippersthe advantage in this matchup, as I feel its depth will prevail in a seven-game series.The Nuggets lost Bruce Brown to free agency this season,who played a crucial role in theirNBA Finals run last year. The Clippers‘ role players, Terance Mann, Russell Westbrook and Norman Powell,provide depth for theClippersand will play a key role in theClippers’playoff success.
The Boston Celticsare the most complete and talented team in theNBA, which is why I have them winning both theEastern Conference and NBA Finals. You could make an argument that their starting five is the most complete starting five inNBA history.The starting five, which includes two new offseason additions inJrue Holiday and Kristaps Porzingis, is perfect for the modern-dayNBA.
On the defensive side of the ball, they have four amazing perimeter defenders and a rim protector in the middle.Holiday and Derrick White were both All-NBA defenders last year. TheCelticsare the lone team in theNBA with two All NBA defenders from last year.This defensive system has proven to be effective,as they rank 1st in the NBA in defensive rating.
Offensively, they play with incredible spacingas all of their starters shoot above 34% from the 3-point line. Jayson Tatum and Jaylen Brown are two of the best perimeter scorers in the league, both averaging over 22 points per game.The rest of the startersall average in double figures as well,which is very rare and makes them incredibly hard to guard. This floor spacing and talented starting five has allowed them to alsorank first in the NBA in offensive rating. The Celticsalso have experience, asthey made the conference finals in three of the past four years.
However, thisCelticsteam has never been able to get over the hump and win it all. TheCelticsbeing close so many times but not prevailing makes them more hungry than ever.
TheNBAseason has flown by as we are already past the all-star break. We have now seen enough basketball to make some futures bets and predict the outcome of theNBAseason.
FollowtheDaily WildcatonInstagramandTwitter/X
"
https://wildcat.arizona.edu/opinion-the-academy-wrongfully-snubbed-the-women-of-barbie/,"

Margot RobbieandGreta Gerwigwere both snubbed in their respective categories for anOscar nominationdespite the impact“Barbie”had on women and girls across the world. On the other hand, Robbie’s film counterpartRyan Goslingwas nominated for an Oscar in his feature role as Ken for Best Supporting Actor.
The entire point of “Barbie” was to show men what it’s like to feel inferior, to be a woman in a man’s world. While these complex themes were represented in the simple fantasy of Barbie world, in the real world, misogyny is still very real and painful for women.
Gerwig and Robbie’s lack of recognition ironically displays everything the “Barbie” movie was trying to exemplify; no matter how powerful you are as a woman, you still are just a woman, to many men in the same industry.
“Barbie” connects generations of women and girls who not only played with dolls, but lived the not-so glamorous parts of womanhood: cat calling, diet culture, fear of aging, cellulite, the list could go on.
Gosling released a statement showing his disappointment in the academy considering the two women’s vital role in the creation of the film.
“But there is no Ken without Barbie, and there is no Barbie movie without Greta Gerwig and Margot Robbie, the two people most responsible for this history-making, globally-celebrated film,”Gosling wrote in a statement.
He said it best, there is no Ken without Barbie. It’s really that simple.
Although both Robbie and Gerwig were left out of the nominations, “Barbie” still stands a chance at claiming glory for itseight total nominations:Gosling’s nomination, America Ferrera’s nomination for Best Supporting Actress, Best Picture, Best Adapted Screenplay,  Best Production Design, Best Costume Design and two separate nominations for best Best Original Song.
Clearly, the academy understands a taste of the significance “Barbie” had on box offices this year with its other eight nominations, although you can’t help but wonder why there was a slight on arguably the two most important people who went into the creation of “Barbie”: Robbie and Gerwig.
“Barbie” created over $1 billion in revenue, ranking alongside some ofthe most popular movies of all time, like, “Star Wars,” “Titanic” and “Jurassic World.”However, this is the first time that a film grossing $1 billion hasa woman as the sole directing credit, according to theNew York Times.It seems as though that’s worth some accolades.
It’s not like these two are strangers to the academy.Gerwighas been up for Best Directorfor her movie “Lady Bird” in 2017, andRobbie was nominated for Best Actressfor her role in “I, Tonya” as Tonya Harding in 2017 as well.
The five women who were nominated for Best Actressthis year are well renowned and deserving of their praise, no doubt. Although, these actresses’ roles were nowhere near as highlighted by the media as Robbie’s work in “Barbie.” Popularity of a movie does not mean the work is better. There are many incredible films that release each year and barely hear a peep of praise.
“Barbie” was more than just a popular movie for many people, myself included.
“Barbie” takes a simple concept of “plastic dolls with big boobies,” (Jo Koy’sreduction of the film’s premise in atasteless joke at the Golden Globes) and highlights the misogyny embedded in our society. Barbie, the doll, shows girls they can be more than just a mother; they can be career driven and succeed alongside their male counterparts. Well, not in Robbie’s case this year.
At theGolden Globes, “Barbie”won thefirst ever award for cinematic and box office achievement,due to the energy and ambiance viewers created at the theaters. Millions of young girls went to the movies wearing pink; girls so young they probably don’t understand the significance of being a part of this global phenomenon.
Julian Shapiro-Barnum, known for his interviews with children on his social media accountRecess Therapy,was a celebrity interviewer at the Golden Globes this year. During the Globes, he brought two young girls to stand alongside him as he talked with celebrities.In one clip of him and the girls talking with mermaid Barbie, akaDua Lipa,he asks which of the Barbie’s the two 7-year-olds would be. One of the girls responded with “I want to be […] the president!” referencing the Barbie who was played byIssa Rae.
“Barbie” let’s young girls dream of being the president. “Barbie” allows young girls to see themselves represented in roles where society has fallen short. This is something that has never been done before so obviously yet tastefully in a movie, proving Gerwig and Robbie deserve real recognition and accolades for their innovation and empowerment of women.
“To say that I’m disappointed that they are not nominated for their respective categories would be an understatement,” Gosling said. “Their work should be recognized along with the other very deserving nominees.”
I think the snub despite the movie’s societal impact is wrong and offensive to women and girls everywhere who felt seen by Robbie and Gerwig’s work. But then again, to many like Koy, “Barbie” is just a movie about “plastic dolls with big boobies,” whereas other nominations, like “Oppenheimer,” are “based on a Pulitzer-Prize winning novel.”
FollowtheDaily WildcatonInstagramandTwitter (X)

Annabel is a University of Arizona student studying journalism and studio art. Outside of writing, her interests are music, art and photography.
"
https://wildcat.arizona.edu/opinion-how-travis-kelces-relationship-shifts-the-narrative-for-the-patriarchy-of-celebrity-interviews-and-relationships/,"

If you don’t live under a rock, you probably are aware of the current popularity ofTaylor Swiftafter her career-definingEras Tourand the subsequent movie premiere. Swift has beenbreaking record after recordthis year with there-release of some old albumsas well as the release of her brand new albumMidnightslast year.
Whether you are a fan or not, her current levels of success are compelling. Amidst this popularity around her music,  fans and speculators have followed her new relationship withKansas City Chiefs star, Travis Kelce.
Throughout her20-something year long career,entertainment media has closely followed Swift’s love life, tracking her current relationship status and its relevance to her music of the time. In an interview withSwift with theLos Angeles Timesfrom 2015,she mentions beingdiscouraged from the dating scene after the media has heavily intervened with her personal life and created false narratives about her true intentions. She said, “ …everyone’s calling you boy crazy, making jokes about you at awards shows? That’s public humiliation. And I don’t think it’s fair.”
Regardless of who her partner was at the time, she faced scrutiny and patriarchal questions and digs by the media about her love interests; questions and comments that male celebrities with similar power in Hollywood do not often get asked with the same frequency.
Unfortunately, the patriarchy of celebrity interviews is not a new phenomenon, as women have suffered in the limelight for many years. Oftentimes, women are asked invasive questions about their body or their sexual history.
In an interview withDeutsche Presse-Agentur, a German news outlet,Swift was asked when she plans on having kids since she had just turned 30. She responded, “I really don’t think that men would be asked this question when they turn 30, so I’m not going to answer that now.”
With all of this past traction around her love life in mind, it’s no surprise that her and Kelce’s relationship has made headlines considering his popularity in his own respective field. This time, Kelce is experiencing a taste of these invasive questions and the overall experience of having your relationship speculated and highlighted opposed to milestones in your career, which women have faced since the dawn of time.
Men are frequently the ones asking the invasive questions to their female counterparts in interviews. Almost always, women do not ask other women patriarchal questions regarding their personal life, since they too often understand how it feels to, first, be violated, and second, have people base your career around your relationships (or lack thereof).
Men are typically not asked these questions since the media views them as more than just a partner, rather an individual with a career that is the reason they are successful, not due to the proxy of their lover. Oftentimes, male celebrities’ relationships with women are just a footnote of their media coverage.
In a recentpress conference with the Kansas City Chiefs, Kelce was asked ifhe’s “in love,” and was pestered about the current status of his relationshipand the whereabouts of Swift at recent games. He responded with, “I’m going to keep my personal relationship personal.”
TikTok users responded to this same interview posted byCBS Sportswith comments saying,“Reporters need to stop. And stay with football.”“Keep it personal my a**. They’re making a business out of it. Absurd.”“Nobody cares omgggg.”“You know the fans have got to be SICK of seeing and hearing about Taylor!!’ She’s beautiful and talented yet so overrated!! Stick to the game.”
However, PR fromESPNseems to be running with this whole Kelce and Swift thing despite negative feedback from sports fans in posts surrounding the relationship. According tothe AP and a representative from Fanatics, a sports merchandise website, eversince Swift’s first appearance at Arrowhead Stadium, Kelce jerseys have spiked 400% in sales. ESPN has posted countless photos of Swift and friends at the gamesonESPN’s own socialsas well asNFL’sandKC Chiefssocials.
Swift’s personal account as well as ones managed by her teamhave yet to post or comment on this relationship.However, during her recent concert in Argentina she changed the lyrics to her song“Karma” from “Karma is the guy on the screen ” to “Karma is the guy on the Chiefs,”alluding to her current relationship.
It’s also noteworthy to mention the “chase” element to this relationship that is part of the reason it gained so much traction.At first, Swift was apparently not interested in Kelce; he was upset that she didn’t want the friendship bracelet he made for her when he attended her concert.However, he was persistent enough to get in communication with her, which highlights another element of the patriarchy of relationships.
While it’s unclear what Kelce’s true intentions were when trying to connect with Swift, this shows how some men feel entitled to women and getting their attention whether or not the woman is interested. The “locker room culture”that sports media has created from this relationship is shameful, although not surprising.
Many believe that Swift cannot maintain a relationship due to her own faults. Although, her past relationship withJoe Alwynis an example of some men’s paralyzing fear of inferiority, which can be to blame for her failed love interests.
These theories are analyzed in books like“The Love Gap,”which explains that when a woman earns a higher salary than her male lover, he could feel subordinate while yearning for a more“traditional” heterosexual relationship dynamic. Since Kelce is incredibly successful in his own field, it will be interesting to see how this shifts that narrative about Swift’s ability to date long term.
Again, whether or not you are a fan of these two celebrities, it is engrossing to watch their relationship evolve via media involvement. This is a time when the gears are shifting; male stars and their fans are experiencing a hint of the intrusion and its irrelevance to one’s career that comes with being in an A-list relationship.
Annabel is a UA student studying journalism and studio art. Outside of writing, her interests are music, art and photography.







FollowtheDaily WildcatonInstagramandTwitter/X
"
https://wildcat.arizona.edu/opinion-the-univeristy-president-and-previous-cfo-are-out-of-touch/,"It’s been quite a year for the University of Arizona with multiple happenings making the news, most notably the financial crisis caused by royally failing to maintain a balanced budget. UA has since drafted aplanto balance the budget thatincluded hiring and pay freezes, along with “budget reductions.”
It’s wonderful the UA has decided a balanced budget is ideal, and hopefully lower employees are shielded from consequences of senior leadership’s mistakes. TheArizona Daily Starreportedthat Lisa Rulney,no longer the UA’s CFO,remains on university payroll, making $506,325 a year as a senior advisor to business operations. TheStarwent on to report thatPresident Dr. Robert C Robbins did not mention this during a meeting with the Arizona Board of Regents.
Robbins since then has madestatementson Rulney saying the role istemporary, ending on June 30, and he made this decision to “help ensure a minimally disruptive and well informed transition.”According to an email sent by Robbins to the UA community, Rulney’s role will be to “provide support to our Interim CFO as he focuses on implementing the University’s financial action plan and managing the division’s broad operations.”
This situation is clownishly illogical, given the fact Rulney was CFO during a colossalblunder, yet continues to remain on payroll after resigning and being given an advisor position.Everyone is entitled to job security, but one could only hope that their boss goes through the leaps and bounds Robbins is for Rulney. This is a luxury regular people are not often afforded, but something that seems quite commonplace in the highly anemic and wimpish overpaid bubble that is higher academia.
Gifting Rulney a role in supporting the Interim CFO is like givingRichard Nixon oversight of Gerald Ford after Watergate. Anyone closely tied to this disarray should be removed, because I’d prefer to avoid future financial problems and remain proud of the school I attend.
The UA made a statement saying “We appreciate Lisa Rulney’s willingness to utilize her longtime experience and expertise to continue serving the university at this critical time.”Well, I feel very secure in the fact that Rulney took this job out of a willingness to serve the university and not because she’ll be keeping her full pay in the process. To test how strong Rulney’s “willingness” really is, let’s see if she would be willing to have her salary cut to 45k a year.
It reveals just how out of touch they are with the employees and students here at UA, and we deserve better. Much like politicians, CEOs, police and bankers, it’s no surprise to see those leading powerful institutions doing everything within their reach to protect their own, but it’s disappointing to see this play out at home.
However, in the long run, the university will get past this. OnJune 30, Rulney will leaveand Robbins won’t be here forever. Those are two “budget cuts” that will make all the difference.
FollowtheDaily WildcatonInstagramandTwitter/X
Colton Allder is a Marine Corps veteran and a Junior majoring in Journalism with a minor in Creative Writing. He enjoys reading, hiking and riding motorcycles in his free time.







"
https://wildcat.arizona.edu/opinion-cancel-culture-has-made-enjoying-music-more-difficult/,"With celebrities being exiled from Hollywood left and right, many musicians have fallen victim to the effects of cancel culture. Artists are being canceled for various things, like resurfaced racist, homophobic and sexist tweets.
However, regarding more minor incidents, has cancel culture gone too far?
I recently went to the 1975 show in Phoenix, and the frontman,Matty Healy, is no stranger to controversy. He has mademultipleracist and sexist comments but still has a platform. I have loved their music since my 2014Tumblrphase. However, I have been at odds with whether I should stop listening; Healy has apologized, but he has repeatedly made questionable comments. I am conflicted.
The internet and social media have definitely played a part in the advancement of cancel culture; almost everyone has access to it, and information spreads rapidly. Even if the original posts are taken down, screenshots remain on the internet forever. Sometimes, the internet correctly holds people accountable, but once people set their minds on something, it is hard to change their beliefs. Also, many people are quick to judge and won’t hear the other side of the argument.
Matty Healy isn’t the only musician who has been under fire.Kanye Westhas made severalanti-semiticremarks, whichresultedin Instagram and Twitter suspending his accounts. However, he is still garnering over57 millionmonthly listeners on Spotify. He was known for pushing limits, and usually, fans praised him for it, but his recent posts have had people deciding to cancel him entirely. Don’t get me wrong, he deserves to be canceled, butGraduationis one of my most streamed albums of all time. I know of many people who still listen to him but hate what he stands for, which is what I think people should do with problematic musicians.
Another musician who has been under fire isR. Kelly.When R. Kelly was found guilty of sexual exploitation of a minor, his streamsincreasedby22%, and his album sales increased by 500%. Since“Surviving R. Kelly”was released, he still profited from his streams and sales. Yes, his documentary brought light to the victims, but it also caused his streams to increase dramatically. I have never listened to his music or planned on it.
Celebrities also have had their privacy breached and have been canceled for things said in the privacy of their own homes. Morgan Wallen was under fire when avideo, taken by one of his neighbors, leaked of him saying a racial slur. He then publicly apologized via hisInstagramwhile his album,Dangerous: The Double Album,brokerecords, and his salessoared.Wallen wasn’t properly canceled because he publicly apologized and his fans don’t seem to care what he does outside of making music. He shouldn’t have said it in the first place, but he should be able to have privacy inside of his home.
Resurfaced tweets are also a huge part of cancel culture. In 2020,5 Seconds of Summer’sMichael Cliffordexpressed support for theBlack Lives Matter movement, and in doing so,screenshotsof past tweets surfaced. He apologized quickly and said he was not the same person as when he was younger. The question with resurfaced tweets is: do they still accurately express the artist’s feelings currently? Many people posted whatever they wanted without thinking when they were younger. People grow and learn from their mistakes.
An earlier example of cancel culture is the cancellation ofThe Chicks, formally known as theDixie Chicks. In2003, one of the band memberssaidshe was“ashamed” that President George W. Bush was from Texas because they disagreed that America should have troops in Iraq. One comment tanked their career as country music stars. Their music stopped playing on country radio stations, ticket sales plummeted andLiptonpulled their endorsement. They stood by their comment and 14 years later, they released new music and embarked on a world tour. Even though canceling them hurt their reputation and sales, they stuck by their comment and didn’t change their views just because they lost followers.
When anyone gets famous, they are subject to more scrutiny as their lives are seen under a microscope. Anything deemed “bad” by the public will be brought to light and be used against them. Musicians are targeted, and while some artists deserve to be canceled, some apologize and make changes that the public can see.
FollowtheDaily WildcatonInstagramandTwitter/X
Kelly Marry is a senior studying journalism and public relations. She likes going to concerts and traveling in her free time.





"
https://wildcat.arizona.edu/opinion-gen-z-is-on-track-to-becoming-the-most-polarized-generation/,"Throughout history and generations, young people have often found themselves at the forefront of major social change. Whether it be peace-driven students protesting the Vietnam War, students demanding civil rights or fighting against gun violence within our schools — the desire to remain informed and create change remains timeless within each new generation of young people. Gen Z is hardly excluded from this narrative, etching ourselves into the record as perhaps the most passionate and strong-willed generation yet.
Despite this, we are living in an era where media consumption is at an all time high — especially for Gen Z.In fact, according to a2022 Pew Research Center study, 97% of us report using the internet daily.So, while our hunger for knowledge has endured just as it did for our grandparents, the way we go about getting it couldn’t be more different than it was 50, even 40 years ago.
This major deviation is also morphing into Gen Z’s biggest downfall.
Within the past 10 years, American youth has climbed their way to the #1 spot in media fluency — or so we think. When we envision what political polarization entails today, we picture theJanuary 6 insurrection, tweens posting error-ridden Instagram infographics or adamant anti-vaccine rants at Thanksgiving dinners. While there’s no denying that these are concrete examples of how politically isolated we as a country have become, I fear that Gen Z frequently separates these instances from self. Often, we look down upon the older generation who is so often plagued by their own lack of media fluency. We receive odd Facebook news articles from our grandparents or wonder how our uncle has the time to subscribe to that many right-wing YouTube channels. These instances, while at times humorous, ultimately should serve more as a sign of caution for Gen Z than anything else.
Shouldn’t we be better equipped to navigate the polarizing effects of the internet? The statistics behind our media consumption habits tell a different story.
Another2022 Pew Research Center studyshows that 36% of X’s, formally Twitter, news consumers are adults aged 18-29,mostly members of Gen Z depending on where you make the cutoff. While the app has been the subject of conversation around misinformation for years, this past week has proven there to be no improvement. As Israel was attacked by Hamas, a Palestinian militant group, deceptive news flooded X.According to Cyabara, an Israeli analysis form, one in five social media accounts engaging in online conversation regarding the Hamas attacks are fake.This holds especially true on X, where it appears as though the app’s efforts to combat misinformation cannot keep up with the rate it is being spread —with even clips from ashort filmbeing posted with the intent to appear as real news.
The interesting aspect of the rate in which this misinformation is deployed is not quite in its content but rather in the demographic that falls most susceptible to it. A testdeveloped by the University of Cambridgewas conducted on Americans of various ages in order to identify how often we can decipher fake news.It turned out that those who spent more than 9 hours of recreational time online each day only received a high score on the test 15% of the time. The test success rate doubled for those who reported 0-2 hours a day of internet time. These results heavily conflict with the common narrative that the older, “boomer” generation is far more susceptible to misinformation than younger, seemingly tech-savvy Gen Z.
So, evidently, our media proficiency may not be as outstanding as we think.
In fact, our time spent online (even if it’s not on Facebook) may be having the exact opposite effect towards our activism efforts than we once thought. The truth is, young people today can spend all the hours on X or Instagram and repost all of the misinformation we please — our current cycle of excess media consumption is the direct recipe for our worsening media literacy.
If Gen Z wants to avoid this trajectory, we should remain tenacious in our efforts to seek the truth through more traditional outlets — even if it’s not always the most convenient.
The future generations might just thank us.
FollowtheDaily WildcatonInstagramandTwitter/X
Olivia is a junior studying journalism. She is the opinions editor as well as the president of Women in Journalism club. She enjoys reading and watching movies in her free time.





"
